group_id,pre_ai_exposure,pre_high_ai_share,pre_weighted_n,age_group,gender,education,income_group,parent_status,pre_ai_exposure_z,exposure_bin
25_34|women|hs|500_999_week|parent,0.07339253237455597,0.03652597475715347,1357301398.191398,25_34,women,hs,500_999_week,parent,0.0851820192216402,Q3
25_34|women|some_college|no_valid_earnings|parent,0.08612037457923535,0.055720113171778676,1928850084.4625912,25_34,women,some_college,no_valid_earnings,parent,0.7562940096481963,Q4_high
15_24|men|lt_hs|no_valid_earnings|parent,0.14260449355803442,0.1798609028997563,8632973128.165024,15_24,men,lt_hs,no_valid_earnings,parent,3.7345812091403214,Q4_high
45_54|men|hs|500_999_week|nonparent,0.06252110547506383,0.01720820937229723,1858356504.199632,45_54,men,hs,500_999_week,nonparent,-0.488045149057726,Q2
65_plus|men|ba_plus|500_999_week|nonparent,0.07077079084271358,0.031630671328975395,433027628.195306,65_plus,men,ba_plus,500_999_week,nonparent,-0.05305682358643914,Q3
55_64|men|lt_hs|no_valid_earnings|nonparent,0.06190627592251215,0.018562085856604696,1325133792.504645,55_64,men,lt_hs,no_valid_earnings,nonparent,-0.5204638008724326,Q2
35_44|men|hs|1000_1499_week|parent,0.06173856401595511,0.015766429141157494,1133391844.190791,35_44,men,hs,1000_1499_week,parent,-0.5293068922321248,Q2
45_54|women|ba_plus|500_999_week|parent,0.07448624443361246,0.03539452954543048,1013632923.073373,45_54,women,ba_plus,500_999_week,parent,0.1428511248801841,Q3
55_64|men|some_college|1500plus_week|nonparent,0.06338325428674851,0.01814214339028969,1129984885.504492,55_64,men,some_college,1500plus_week,nonparent,-0.4425858798627577,Q2
65_plus|women|ba_plus|no_valid_earnings|nonparent,0.08484894881284029,0.05111522174307359,9699164314.824497,65_plus,women,ba_plus,no_valid_earnings,nonparent,0.6892544389932979,Q4_high
35_44|women|some_college|1500plus_week|nonparent,0.05930539450315317,0.015053759567135788,71272201.553037,35_44,women,some_college,1500plus_week,nonparent,-0.657602734411986,Q1_low
15_24|women|lt_hs|no_valid_earnings|parent,0.1438006669968175,0.17601563773379017,8839788917.792921,15_24,women,lt_hs,no_valid_earnings,parent,3.797652884958392,Q4_high
65_plus|men|ba_plus|no_valid_earnings|nonparent,0.0825307920503858,0.04941647731199772,9548137582.863659,65_plus,men,ba_plus,no_valid_earnings,nonparent,0.5670229739929189,Q4_high
55_64|men|ba_plus|lt_500_week|parent,0.06735600653904068,0.022889428409837088,59549890.513849,55_64,men,ba_plus,lt_500_week,parent,-0.23311112140549403,Q3
45_54|women|hs|500_999_week|nonparent,0.0690114142438293,0.022190293394836823,1637641369.241925,45_54,women,hs,500_999_week,nonparent,-0.14582500158545902,Q3
55_64|women|ba_plus|lt_500_week|nonparent,0.07346614453633646,0.031775854203311936,1114689613.0456922,55_64,women,ba_plus,lt_500_week,nonparent,0.0890634316101396,Q3
15_24|women|hs|no_valid_earnings|nonparent,0.09373611219822202,0.06635839364185551,1076051528.3610048,15_24,women,hs,no_valid_earnings,nonparent,1.1578556215737024,Q4_high
45_54|men|ba_plus|1500plus_week|parent,0.06541345451703226,0.021982558754104837,3632998666.536497,45_54,men,ba_plus,1500plus_week,parent,-0.3355377490327528,Q2
45_54|men|hs|500_999_week|parent,0.06247971651938031,0.01316518508104564,819053146.988333,45_54,men,hs,500_999_week,parent,-0.49022750047156055,Q2
45_54|women|ba_plus|lt_500_week|parent,0.07774742260741674,0.04104101495927018,737438915.8095299,45_54,women,ba_plus,lt_500_week,parent,0.31480609887827365,Q4_high
55_64|men|some_college|no_valid_earnings|nonparent,0.07190688954915864,0.03290800459500835,2713141334.850647,55_64,men,some_college,no_valid_earnings,nonparent,0.006847239642995274,Q3
45_54|women|some_college|no_valid_earnings|nonparent,0.0811210131495968,0.046235614911701965,1240567752.760553,45_54,women,some_college,no_valid_earnings,nonparent,0.49268833745711815,Q4_high
65_plus|women|hs|no_valid_earnings|nonparent,0.07436241939809757,0.03501113529298381,13601222787.26176,65_plus,women,hs,no_valid_earnings,nonparent,0.13632209468695264,Q3
35_44|women|ba_plus|500_999_week|parent,0.06930715485370016,0.026925583417774256,1926396383.680934,35_44,women,ba_plus,500_999_week,parent,-0.13023122958949335,Q3
55_64|women|some_college|no_valid_earnings|nonparent,0.08013375497238827,0.04441838229519173,3483742260.84418,55_64,women,some_college,no_valid_earnings,nonparent,0.44063231808505837,Q4_high
45_54|women|some_college|1000_1499_week|nonparent,0.06282901064741829,0.01299939221728184,736580876.438667,45_54,women,some_college,1000_1499_week,nonparent,-0.4718099656104121,Q2
25_34|women|ba_plus|no_valid_earnings|parent,0.07823575716634919,0.04035718956728171,1563768707.008441,25_34,women,ba_plus,no_valid_earnings,parent,0.340554939299845,Q4_high
55_64|men|hs|no_valid_earnings|nonparent,0.06743342400639951,0.02491249918414962,3857622782.028439,55_64,men,hs,no_valid_earnings,nonparent,-0.22902906336474738,Q3
15_24|women|ba_plus|lt_500_week|nonparent,0.10862717976064407,0.10242187513102397,609973179.417295,15_24,women,ba_plus,lt_500_week,nonparent,1.943029874261974,Q4_high
35_44|women|ba_plus|500_999_week|nonparent,0.06936583085986874,0.029754576584165075,962579663.1906499,35_44,women,ba_plus,500_999_week,nonparent,-0.12713736885042834,Q3
65_plus|men|some_college|500_999_week|nonparent,0.06358825839013164,0.018284735405013842,282617334.902708,65_plus,men,some_college,500_999_week,nonparent,-0.43177645045166063,Q2
45_54|men|hs|1000_1499_week|nonparent,0.05960412721348856,0.012540199226437737,1236536378.281756,45_54,men,hs,1000_1499_week,nonparent,-0.6418511953361011,Q1_low
55_64|women|hs|500_999_week|parent,0.0702905033986062,0.03064501503020438,209269425.49587,55_64,women,hs,500_999_week,parent,-0.07838135679547653,Q3
25_34|men|ba_plus|1500plus_week|parent,0.059602335601863524,0.012668279650700623,1323523581.092681,25_34,men,ba_plus,1500plus_week,parent,-0.6419456631983211,Q1_low
55_64|women|ba_plus|lt_500_week|parent,0.07626592381290755,0.03761799672991233,149814978.998572,55_64,women,ba_plus,lt_500_week,parent,0.23668982521547866,Q3
45_54|women|hs|500_999_week|parent,0.07076126476560662,0.024676569505634755,580417306.6538931,45_54,women,hs,500_999_week,parent,-0.05355911332773208,Q3
65_plus|women|some_college|no_valid_earnings|parent,0.07893845325304392,0.04719153043590998,393005909.17845297,65_plus,women,some_college,no_valid_earnings,parent,0.377606606174948,Q4_high
35_44|women|ba_plus|1000_1499_week|parent,0.07072786261126808,0.02819487819474057,2081960983.49941,35_44,women,ba_plus,1000_1499_week,parent,-0.05532033773028114,Q3
65_plus|women|some_college|no_valid_earnings|nonparent,0.08015233694052931,0.04538423869485006,8164112323.667278,65_plus,women,some_college,no_valid_earnings,nonparent,0.4416121056582099,Q4_high
55_64|women|ba_plus|500_999_week|nonparent,0.07235671851470787,0.030537571040271924,1485522199.226888,55_64,women,ba_plus,500_999_week,nonparent,0.030565762199024377,Q3
35_44|women|some_college|1000_1499_week|parent,0.06826410729062685,0.024180753262793803,586257530.9460931,35_44,women,some_college,1000_1499_week,parent,-0.18522890436474676,Q3
65_plus|men|ba_plus|no_valid_earnings|parent,0.08262651533001797,0.05312010231451903,198004066.11329696,65_plus,men,ba_plus,no_valid_earnings,parent,0.5720702584965315,Q4_high
35_44|men|some_college|1500plus_week|nonparent,0.05912905724360158,0.013149331398160546,344323764.133035,35_44,men,some_college,1500plus_week,nonparent,-0.6669006222503913,Q1_low
25_34|men|ba_plus|no_valid_earnings|nonparent,0.10055361348596673,0.0874329447952797,1217546439.6635666,25_34,men,ba_plus,no_valid_earnings,nonparent,1.5173279331703882,Q4_high
55_64|women|hs|lt_500_week|parent,0.06802492336773279,0.02002184815012301,313646716.18185693,55_64,women,hs,lt_500_week,parent,-0.1978405628053619,Q3
55_64|men|lt_hs|lt_500_week|nonparent,0.06163512299002313,0.019795130731154076,221204596.78584403,55_64,men,lt_hs,lt_500_week,nonparent,-0.5347611170479738,Q2
15_24|men|hs|no_valid_earnings|nonparent,0.09488464572088551,0.08154285630877468,1284995999.121831,15_24,men,hs,no_valid_earnings,nonparent,1.2184153461578848,Q4_high
35_44|men|ba_plus|1500plus_week|parent,0.06319170551636026,0.018268471750478178,4496426947.988314,35_44,men,ba_plus,1500plus_week,parent,-0.4526858382446866,Q2
25_34|women|ba_plus|500_999_week|parent,0.06754787538298784,0.023848869533287534,1469975284.500928,25_34,women,ba_plus,500_999_week,parent,-0.2229942862270315,Q3
55_64|women|hs|no_valid_earnings|nonparent,0.074623663644251,0.036760378199215925,4361918158.0923195,55_64,women,hs,no_valid_earnings,nonparent,0.15009694695209633,Q3
55_64|men|ba_plus|no_valid_earnings|nonparent,0.07366948960631652,0.035946477649739184,2954269765.65754,55_64,men,ba_plus,no_valid_earnings,nonparent,0.09978538372607416,Q3
45_54|women|some_college|500_999_week|nonparent,0.06633779176312442,0.02300314234970671,1504425579.19775,45_54,women,some_college,500_999_week,nonparent,-0.28679941624432115,Q2
65_plus|men|some_college|no_valid_earnings|nonparent,0.07365382979413419,0.03606719881804764,6245068437.157953,65_plus,men,some_college,no_valid_earnings,nonparent,0.09895967520813538,Q3
35_44|women|hs|no_valid_earnings|parent,0.07947459926471864,0.04063224702519357,1910095613.643861,35_44,women,hs,no_valid_earnings,parent,0.40587644259089556,Q4_high
55_64|women|some_college|1000_1499_week|parent,0.07255099432165747,0.03177097126953411,89010525.83954701,55_64,women,some_college,1000_1499_week,parent,0.04080951140623372,Q3
65_plus|women|hs|lt_500_week|nonparent,0.07832567928594153,0.04026750660089135,1188872817.798718,65_plus,women,hs,lt_500_week,nonparent,0.34529634099956164,Q4_high
25_34|women|hs|no_valid_earnings|parent,0.07735511863744443,0.04177651262520434,2133720490.9946969,25_34,women,hs,no_valid_earnings,parent,0.2941207467261579,Q4_high
65_plus|women|ba_plus|1000_1499_week|nonparent,0.07058550507333254,0.028685425968616816,276495125.904879,65_plus,women,ba_plus,1000_1499_week,nonparent,-0.06282654727466244,Q3
45_54|women|ba_plus|1500plus_week|parent,0.07022801398697028,0.027158084367726713,1655376710.382802,45_54,women,ba_plus,1500plus_week,parent,-0.0816762902766716,Q3
35_44|women|ba_plus|1500plus_week|nonparent,0.06641600736868673,0.018162842408150106,1007412843.309201,35_44,women,ba_plus,1500plus_week,nonparent,-0.2826752740773131,Q2
35_44|women|ba_plus|1000_1499_week|nonparent,0.07538306490357466,0.03901020436964351,978102138.604164,35_44,women,ba_plus,1000_1499_week,nonparent,0.19013855671449262,Q3
25_34|men|some_college|no_valid_earnings|nonparent,0.11647543080631517,0.12372051993793326,908588703.419727,25_34,men,some_college,no_valid_earnings,nonparent,2.356851423580931,Q4_high
55_64|women|ba_plus|500_999_week|parent,0.06339509075075606,0.018983585419328482,113831943.386153,55_64,women,ba_plus,500_999_week,parent,-0.44196176834471945,Q2
55_64|men|some_college|1000_1499_week|parent,0.08808200581098419,0.061718589495187604,104822268.37494,55_64,men,some_college,1000_1499_week,parent,0.8597266433382852,Q4_high
45_54|women|some_college|1500plus_week|parent,0.07698893087610653,0.03371335229775091,159752721.584577,45_54,women,some_college,1500plus_week,parent,0.2748124465893938,Q3
55_64|women|ba_plus|no_valid_earnings|nonparent,0.08366062629842734,0.04856070043393167,3786327246.1611147,55_64,women,ba_plus,no_valid_earnings,nonparent,0.6265967256832472,Q4_high
25_34|women|ba_plus|500_999_week|nonparent,0.06853188272264864,0.02608865101580534,3397086820.888486,25_34,women,ba_plus,500_999_week,nonparent,-0.17110967658979792,Q3
35_44|men|some_college|500_999_week|nonparent,0.0647907124300673,0.023168812001523098,737386656.2475059,35_44,men,some_college,500_999_week,nonparent,-0.368373611921734,Q2
35_44|men|ba_plus|1500plus_week|nonparent,0.06579358982161386,0.022040159526073282,1771631462.0347462,35_44,men,ba_plus,1500plus_week,nonparent,-0.31549402466953197,Q2
25_34|men|some_college|1000_1499_week|nonparent,0.06316404652593008,0.019770288869231975,682071851.2443221,25_34,men,some_college,1000_1499_week,nonparent,-0.4541442378557349,Q2
25_34|men|hs|500_999_week|nonparent,0.06085937668799509,0.01661180475687016,1925517158.3791382,25_34,men,hs,500_999_week,nonparent,-0.5756645660731885,Q2
65_plus|men|hs|no_valid_earnings|nonparent,0.06747206579927191,0.025297534656767852,9138906776.418041,65_plus,men,hs,no_valid_earnings,nonparent,-0.22699156399044557,Q3
65_plus|men|hs|500_999_week|nonparent,0.07074305086796828,0.03060645847432324,451690694.142387,65_plus,men,hs,500_999_week,nonparent,-0.05451949332780775,Q3
35_44|men|some_college|1500plus_week|parent,0.06525420090024557,0.01829680459345926,906335147.8820931,35_44,men,some_college,1500plus_week,parent,-0.34393485280145364,Q2
35_44|men|lt_hs|no_valid_earnings|nonparent,0.05642232876246906,0.008426280401367706,372143044.527414,35_44,men,lt_hs,no_valid_earnings,nonparent,-0.8096206457473241,Q1_low
25_34|men|lt_hs|500_999_week|parent,0.06593494495730998,0.021035134762263305,537747555.5572989,25_34,men,lt_hs,500_999_week,parent,-0.30804066965864413,Q2
45_54|women|some_college|1500plus_week|nonparent,0.07140675155285793,0.022712031854261426,390163565.290609,45_54,women,some_college,1500plus_week,nonparent,-0.019523970872320152,Q3
55_64|men|some_college|500_999_week|parent,0.05975000562799427,0.011215586317125863,174478918.87803504,55_64,men,some_college,500_999_week,parent,-0.6341593374748209,Q1_low
15_24|men|some_college|no_valid_earnings|nonparent,0.151731222173763,0.188479107893164,1682894842.2336729,15_24,men,some_college,no_valid_earnings,nonparent,4.215814155690581,Q4_high
45_54|women|some_college|500_999_week|parent,0.0720648606041002,0.030244446880871297,812886081.314549,45_54,women,some_college,500_999_week,parent,0.015176716659345698,Q3
55_64|women|lt_hs|no_valid_earnings|nonparent,0.06151135989701322,0.016795511580840163,1445984609.716185,55_64,women,lt_hs,no_valid_earnings,nonparent,-0.5412868811449464,Q2
15_24|women|hs|lt_500_week|parent,0.08423154796305632,0.05881729823947322,1266310231.435337,15_24,women,hs,lt_500_week,parent,0.6567002081561781,Q4_high
65_plus|women|ba_plus|lt_500_week|nonparent,0.07786923311139714,0.03927156118815966,652023622.2757351,65_plus,women,ba_plus,lt_500_week,nonparent,0.3212289071176069,Q4_high
45_54|women|hs|no_valid_earnings|parent,0.07137293589055621,0.03102576280172053,958508008.7934101,45_54,women,hs,no_valid_earnings,parent,-0.02130699866838727,Q3
35_44|women|ba_plus|1500plus_week|parent,0.06656081099039346,0.020878335990275762,3156510212.776961,35_44,women,ba_plus,1500plus_week,parent,-0.27504008774943356,Q2
55_64|men|hs|500_999_week|nonparent,0.05849262496091816,0.010610111330360052,2205361755.212855,55_64,men,hs,500_999_week,nonparent,-0.7004583399793525,Q1_low
65_plus|women|lt_hs|no_valid_earnings|nonparent,0.06534638344549622,0.021696009592558272,3941802650.138649,65_plus,women,lt_hs,no_valid_earnings,nonparent,-0.3390742636748063,Q2
25_34|women|some_college|lt_500_week|parent,0.07217186835109023,0.031147785825499708,1159602932.208463,25_34,women,some_college,lt_500_week,parent,0.020819007074223635,Q3
55_64|women|some_college|lt_500_week|nonparent,0.0664231115988307,0.019536642704832213,898679214.353805,55_64,women,some_college,lt_500_week,nonparent,-0.282300683164282,Q2
55_64|women|hs|1500plus_week|parent,0.05404955547929477,0.0,19794001.873884,55_64,women,hs,1500plus_week,parent,-0.9347319234717296,Q1_low
45_54|women|hs|lt_500_week|nonparent,0.06060150536181038,0.009563389437687813,1202596760.938264,45_54,women,hs,lt_500_week,nonparent,-0.5892615714576622,Q2
35_44|women|ba_plus|no_valid_earnings|parent,0.08453925642126983,0.04967070440072184,2698891333.620609,35_44,women,ba_plus,no_valid_earnings,parent,0.6729250192861304,Q4_high
35_44|men|ba_plus|500_999_week|parent,0.06445207043840555,0.022237266353567882,938093073.6842451,35_44,men,ba_plus,500_999_week,parent,-0.38622948233648335,Q2
65_plus|men|some_college|1500plus_week|nonparent,0.061865394957805096,0.00829023730049596,186581712.25481704,65_plus,men,some_college,1500plus_week,nonparent,-0.5226193670048458,Q2
55_64|men|ba_plus|1000_1499_week|parent,0.06257966158483615,0.017755277810617195,242778051.466837,55_64,men,ba_plus,1000_1499_week,parent,-0.4849576102000799,Q2
15_24|men|some_college|500_999_week|parent,0.07468529871918307,0.03522909577678308,478116293.223632,15_24,men,some_college,500_999_week,parent,0.15334683307989108,Q3
25_34|men|ba_plus|1500plus_week|nonparent,0.06706684810709748,0.02729996077101728,3239374579.3177166,25_34,men,ba_plus,1500plus_week,nonparent,-0.2483578291890552,Q3
55_64|women|lt_hs|lt_500_week|nonparent,0.06609927711340999,0.023800263685444346,363323177.50573,55_64,women,lt_hs,lt_500_week,nonparent,-0.29937578533671094,Q2
65_plus|men|ba_plus|1500plus_week|nonparent,0.06329730501578185,0.01915582654529613,843743199.2782049,65_plus,men,ba_plus,1500plus_week,nonparent,-0.447117801722454,Q2
45_54|women|lt_hs|no_valid_earnings|parent,0.06582998618199812,0.018868338949485176,552134694.6451961,45_54,women,lt_hs,no_valid_earnings,parent,-0.31357492216425564,Q2
45_54|women|ba_plus|500_999_week|nonparent,0.07422630654989253,0.032808495253815316,1283621242.722594,45_54,women,ba_plus,500_999_week,nonparent,0.12914515432168558,Q3
35_44|women|some_college|lt_500_week|nonparent,0.06829494652070757,0.02670269138786408,393646165.799341,35_44,women,some_college,lt_500_week,nonparent,-0.18360281749551394,Q3
45_54|men|some_college|1500plus_week|parent,0.06602209453848049,0.022813614233566246,520944200.92022896,45_54,men,some_college,1500plus_week,parent,-0.30344545800032563,Q2
55_64|women|hs|500_999_week|nonparent,0.06195006510703179,0.015791504249736635,1879029109.9438748,55_64,women,hs,500_999_week,nonparent,-0.5181548905080874,Q2
25_34|men|lt_hs|lt_500_week|nonparent,0.05947391307151618,0.010164621540016641,196182080.97470897,25_34,men,lt_hs,lt_500_week,nonparent,-0.6487171094946411,Q1_low
35_44|women|lt_hs|lt_500_week|parent,0.06404842964363454,0.022063405293438355,634790669.4685851,35_44,women,lt_hs,lt_500_week,parent,-0.40751260109612175,Q2
15_24|women|some_college|no_valid_earnings|parent,0.14105592592274965,0.16410882453674683,1432579667.7285604,15_24,women,some_college,no_valid_earnings,parent,3.652928538458718,Q4_high
45_54|women|ba_plus|1000_1499_week|parent,0.0700943648693424,0.025097441688857566,1237888778.5822868,45_54,women,ba_plus,1000_1499_week,parent,-0.0887233233799751,Q3
25_34|women|ba_plus|1500plus_week|nonparent,0.07126086978519444,0.03358212709904308,1735227268.029925,25_34,women,ba_plus,1500plus_week,nonparent,-0.027216005538462883,Q3
25_34|women|ba_plus|1000_1499_week|nonparent,0.07093855301648616,0.03176120456865051,2176818370.02584,25_34,women,ba_plus,1000_1499_week,nonparent,-0.04421108174361442,Q3
45_54|women|ba_plus|lt_500_week|nonparent,0.07963094476498805,0.04546672016956186,499731510.250688,45_54,women,ba_plus,lt_500_week,nonparent,0.41412020757420626,Q4_high
55_64|men|ba_plus|1500plus_week|nonparent,0.06315006824839506,0.016768976488625124,3262983738.4066963,55_64,men,ba_plus,1500plus_week,nonparent,-0.45488128263586375,Q2
25_34|men|hs|500_999_week|parent,0.060407422173532635,0.014337872623850424,1967388839.171465,25_34,men,hs,500_999_week,parent,-0.5994951642928659,Q1_low
25_34|men|ba_plus|500_999_week|parent,0.060141065889495256,0.015118985247684801,648724251.4350381,25_34,men,ba_plus,500_999_week,parent,-0.6135395634194694,Q1_low
55_64|men|ba_plus|no_valid_earnings|parent,0.07778130359787513,0.03961546454938168,387446834.6242031,55_64,men,ba_plus,no_valid_earnings,parent,0.31659257128879725,Q4_high
35_44|men|ba_plus|500_999_week|nonparent,0.0643659187044031,0.022606202809028263,628096053.865012,35_44,men,ba_plus,500_999_week,nonparent,-0.3907720796405123,Q2
45_54|men|some_college|500_999_week|nonparent,0.060751187717037414,0.014757206348847616,882324688.093191,45_54,men,some_college,500_999_week,nonparent,-0.5813691399101358,Q2
55_64|men|hs|500_999_week|parent,0.058684432698019005,0.00776680899895707,390130769.66893405,55_64,men,hs,500_999_week,parent,-0.6903447268346484,Q1_low
25_34|men|some_college|lt_500_week|nonparent,0.08364805316804003,0.06131796436980027,882681551.196165,25_34,men,some_college,lt_500_week,nonparent,0.6259337713171866,Q4_high
15_24|men|some_college|lt_500_week|parent,0.10214036349967064,0.10061188082548436,1249398398.566654,15_24,men,some_college,lt_500_week,parent,1.6009938792814022,Q4_high
45_54|women|lt_hs|no_valid_earnings|nonparent,0.06687995761941673,0.026388430812787737,729270038.590031,45_54,women,lt_hs,no_valid_earnings,nonparent,-0.2582121662528119,Q3
25_34|women|hs|500_999_week|nonparent,0.05935836557850202,0.013299279093493979,625972023.5986761,25_34,women,hs,500_999_week,nonparent,-0.6548096825151505,Q1_low
45_54|women|ba_plus|1000_1499_week|nonparent,0.0712386817087798,0.03048945927575399,1481390222.21079,45_54,women,ba_plus,1000_1499_week,nonparent,-0.028385935514566314,Q3
25_34|men|ba_plus|1000_1499_week|nonparent,0.06343483983879243,0.020819263898175056,2549478960.191664,25_34,men,ba_plus,1000_1499_week,nonparent,-0.4398658836565887,Q2
15_24|men|some_college|lt_500_week|nonparent,0.09038317536038513,0.07112484979019348,2266802648.251055,15_24,men,some_college,lt_500_week,nonparent,0.9810624088021023,Q4_high
25_34|men|lt_hs|lt_500_week|parent,0.05949666797849388,0.008438750061775628,309466671.081561,25_34,men,lt_hs,lt_500_week,parent,-0.6475172917511306,Q1_low
55_64|women|ba_plus|1500plus_week|nonparent,0.06523198756568192,0.01946717664165207,2219532446.782121,55_64,women,ba_plus,1500plus_week,nonparent,-0.345106114585917,Q2
65_plus|women|ba_plus|1500plus_week|nonparent,0.07761593034901179,0.04109944130968008,352440311.20367694,65_plus,women,ba_plus,1500plus_week,nonparent,0.3078727923645126,Q4_high
65_plus|women|some_college|lt_500_week|nonparent,0.07317410037523794,0.03205048615760323,701891304.896905,65_plus,women,some_college,lt_500_week,nonparent,0.07366456547906668,Q3
25_34|men|hs|no_valid_earnings|parent,0.061117489598261694,0.012633830036848018,791314905.527991,25_34,men,hs,no_valid_earnings,parent,-0.5620548224750062,Q2
15_24|women|lt_hs|lt_500_week|parent,0.12665806230053336,0.1407540176893718,2002580396.332831,15_24,women,lt_hs,lt_500_week,parent,2.893759878287614,Q4_high
15_24|men|lt_hs|1000_1499_week|parent,0.05968960448452267,0.01969010536961828,52010301.728885,15_24,men,lt_hs,1000_1499_week,parent,-0.6373441610267943,Q1_low
55_64|men|hs|1000_1499_week|nonparent,0.058500957335712034,0.01258708852371787,1098107100.38978,55_64,men,hs,1000_1499_week,nonparent,-0.7000189916166863,Q1_low
45_54|men|ba_plus|no_valid_earnings|nonparent,0.08479157671363986,0.054276293459159984,1183529254.8523889,45_54,men,ba_plus,no_valid_earnings,nonparent,0.6862293304894234,Q4_high
45_54|men|some_college|500_999_week|parent,0.05737393844663489,0.008211680381417537,546137839.403322,45_54,men,some_college,500_999_week,parent,-0.759444295429678,Q1_low
35_44|women|some_college|1000_1499_week|nonparent,0.06160946819157052,0.012558345450931443,239367732.30462697,35_44,women,some_college,1000_1499_week,nonparent,-0.5361138398879222,Q2
55_64|women|some_college|no_valid_earnings|parent,0.07408615605772843,0.03559987330289049,340028668.84274507,55_64,women,some_college,no_valid_earnings,parent,0.12175531759657864,Q3
25_34|men|some_college|1500plus_week|parent,0.0683317095697097,0.026565862664746812,395486585.2385829,25_34,men,some_college,1500plus_week,parent,-0.18166438028100335,Q3
45_54|women|some_college|lt_500_week|parent,0.07132911050042515,0.02598813055653753,525447719.63950604,45_54,women,some_college,lt_500_week,parent,-0.02361781807745138,Q3
55_64|men|lt_hs|no_valid_earnings|parent,0.07433249610678808,0.04059579716945236,195683983.89141703,55_64,men,lt_hs,no_valid_earnings,parent,0.13474430331682993,Q3
45_54|men|ba_plus|1500plus_week|nonparent,0.06492332905859709,0.02196889590376144,2323934957.930932,45_54,men,ba_plus,1500plus_week,nonparent,-0.3613810197678524,Q2
55_64|men|ba_plus|500_999_week|nonparent,0.07890501672972076,0.04507734372008411,777832703.7689081,55_64,men,ba_plus,500_999_week,nonparent,0.3758435695690966,Q4_high
45_54|men|ba_plus|500_999_week|parent,0.07117073157322246,0.03404991351822254,501950798.365308,45_54,men,ba_plus,500_999_week,parent,-0.031968801328763424,Q3
35_44|men|ba_plus|no_valid_earnings|parent,0.07332396044964376,0.028732915431164283,896902485.9096379,35_44,men,ba_plus,no_valid_earnings,parent,0.08156636778008701,Q3
35_44|men|some_college|1000_1499_week|parent,0.0637606330512408,0.019100007837069975,891045738.599486,35_44,men,some_college,1000_1499_week,parent,-0.4226875019829612,Q2
45_54|men|ba_plus|no_valid_earnings|parent,0.07055174678307387,0.03190425766702225,872325452.523694,45_54,men,ba_plus,no_valid_earnings,parent,-0.06460654996518654,Q3
55_64|men|ba_plus|1500plus_week|parent,0.06442488624282733,0.020040207632862284,672503637.365601,55_64,men,ba_plus,1500plus_week,parent,-0.3876628470269991,Q2
45_54|men|some_college|no_valid_earnings|parent,0.06705161715843946,0.022911035539397866,583060307.007339,45_54,men,some_college,no_valid_earnings,parent,-0.24916092464746756,Q3
35_44|men|hs|no_valid_earnings|nonparent,0.06277120946649413,0.01906398827408578,1120181224.14309,35_44,men,hs,no_valid_earnings,nonparent,-0.47485769867900385,Q2
35_44|women|hs|lt_500_week|parent,0.07203510866851089,0.02600673124542361,1246887155.189774,35_44,women,hs,lt_500_week,parent,0.013607960511108493,Q3
15_24|women|lt_hs|lt_500_week|nonparent,0.093848573134854,0.0589644211098597,452465468.015969,15_24,women,lt_hs,lt_500_week,nonparent,1.1637854470550844,Q4_high
15_24|women|some_college|no_valid_earnings|nonparent,0.15343258914553956,0.17816582702643624,1870675434.2726748,15_24,women,some_college,no_valid_earnings,nonparent,4.305523609698047,Q4_high
35_44|women|hs|1000_1499_week|parent,0.05963989614270941,0.01114141537639077,219264917.63407698,35_44,women,hs,1000_1499_week,parent,-0.6399651759387199,Q1_low
45_54|women|lt_hs|lt_500_week|parent,0.06491560763598739,0.018739080561977095,427141302.93400407,45_54,women,lt_hs,lt_500_week,parent,-0.36178815392407376,Q2
35_44|women|some_college|no_valid_earnings|parent,0.08055954652191587,0.04248275195705618,1464235732.08519,35_44,women,some_college,no_valid_earnings,parent,0.46308339892932093,Q4_high
25_34|women|ba_plus|lt_500_week|parent,0.07443023181856558,0.03497260471502519,506757334.952899,25_34,women,ba_plus,lt_500_week,parent,0.13989769907802496,Q3
45_54|men|hs|1000_1499_week|parent,0.059758382851752896,0.008563613814964594,605789940.7433981,45_54,men,hs,1000_1499_week,parent,-0.6337176243218379,Q1_low
55_64|men|hs|no_valid_earnings|parent,0.05518242544547898,0.0033259593951588343,452233066.182468,55_64,men,hs,no_valid_earnings,parent,-0.8749981048342834,Q1_low
45_54|men|hs|lt_500_week|nonparent,0.06221085294085984,0.019560960125422938,787741654.906725,45_54,men,hs,lt_500_week,nonparent,-0.5044041038920319,Q2
15_24|men|lt_hs|lt_500_week|parent,0.12563023197949608,0.14225229271717826,2581135077.720377,15_24,men,lt_hs,lt_500_week,parent,2.8395645762498107,Q4_high
65_plus|women|lt_hs|no_valid_earnings|parent,0.05717285177429068,0.00954493427942633,381955378.27349806,65_plus,women,lt_hs,no_valid_earnings,parent,-0.7700471670519833,Q1_low
35_44|women|some_college|500_999_week|parent,0.06884181387158912,0.02372845182894632,1652373397.6024623,35_44,women,some_college,500_999_week,parent,-0.1547676677154133,Q3
45_54|women|lt_hs|500_999_week|parent,0.07418219668927356,0.0252819839970957,210468929.53553998,45_54,women,lt_hs,500_999_week,parent,0.12681933539013499,Q3
25_34|women|ba_plus|1000_1499_week|parent,0.0710255185322686,0.030567429913682564,1290764090.278867,25_34,women,ba_plus,1000_1499_week,parent,-0.03962557546087882,Q3
65_plus|men|lt_hs|no_valid_earnings|nonparent,0.06466107212618234,0.021685875523833074,3123632750.8393097,65_plus,men,lt_hs,no_valid_earnings,nonparent,-0.37520926882104344,Q2
35_44|men|lt_hs|lt_500_week|nonparent,0.0599726910884684,0.016135678891742142,150572747.99248302,35_44,men,lt_hs,lt_500_week,nonparent,-0.6224176077916147,Q1_low
65_plus|men|some_college|lt_500_week|nonparent,0.06343993607089007,0.018871070565145212,363064246.96108896,65_plus,men,some_college,lt_500_week,nonparent,-0.4395971702005508,Q2
25_34|men|hs|1500plus_week|parent,0.06871695314832907,0.02103759494143737,263461020.14060798,25_34,men,hs,1500plus_week,parent,-0.16135130751590882,Q3
45_54|women|ba_plus|1500plus_week|nonparent,0.0703038857719918,0.026255051002224212,1964286461.021159,45_54,women,ba_plus,1500plus_week,nonparent,-0.0776757327709939,Q3
35_44|men|ba_plus|1000_1499_week|nonparent,0.06057593328403027,0.012683349670869783,916832657.738401,35_44,men,ba_plus,1000_1499_week,nonparent,-0.590609932612866,Q2
45_54|women|hs|no_valid_earnings|nonparent,0.07710660990041332,0.03785186999926288,1773098133.5975723,45_54,women,hs,no_valid_earnings,nonparent,0.2810174107116665,Q4_high
35_44|women|ba_plus|lt_500_week|parent,0.07184512698568774,0.03068672306548174,901966499.7395611,35_44,women,ba_plus,lt_500_week,parent,0.00359063131628578,Q3
55_64|men|some_college|lt_500_week|nonparent,0.06549209869793578,0.022167490043824532,525679948.21044403,55_64,men,some_college,lt_500_week,nonparent,-0.331391009001499,Q2
65_plus|women|ba_plus|no_valid_earnings|parent,0.07418300226648142,0.03609584408564052,181561547.30099702,65_plus,women,ba_plus,no_valid_earnings,parent,0.12686181175924088,Q3
45_54|men|hs|no_valid_earnings|nonparent,0.06410916284453955,0.020984729678644502,1597216909.343581,45_54,men,hs,no_valid_earnings,nonparent,-0.4043102688634554,Q2
35_44|women|some_college|500_999_week|nonparent,0.07741113677369617,0.04184997195110239,476753900.96719605,35_44,women,some_college,500_999_week,nonparent,0.29707446364968065,Q4_high
65_plus|women|some_college|1000_1499_week|nonparent,0.07833289308170491,0.04488336935116808,131586597.78329298,65_plus,women,some_college,1000_1499_week,nonparent,0.34567670907416825,Q4_high
15_24|women|ba_plus|500_999_week|nonparent,0.0693522968615418,0.028437726328703915,1002273752.3186401,15_24,women,ba_plus,500_999_week,nonparent,-0.12785098773488288,Q3
35_44|men|ba_plus|1000_1499_week|parent,0.06042555213655342,0.015122858551376937,1492238604.261527,35_44,men,ba_plus,1000_1499_week,parent,-0.5985392099862696,Q1_low
25_34|men|some_college|500_999_week|nonparent,0.06395715289334705,0.022229208602786904,1747307316.709079,25_34,men,some_college,500_999_week,nonparent,-0.41232542958503726,Q2
35_44|men|hs|500_999_week|parent,0.06267608674078308,0.014470795406535618,1805821903.381992,35_44,men,hs,500_999_week,parent,-0.4798733172544189,Q2
35_44|women|ba_plus|lt_500_week|nonparent,0.08246127139948932,0.05334285468584002,348086766.626331,35_44,women,ba_plus,lt_500_week,nonparent,0.5633572982523969,Q4_high
15_24|men|ba_plus|no_valid_earnings|nonparent,0.14251856524400275,0.1644563886513403,241545684.15980402,15_24,men,ba_plus,no_valid_earnings,nonparent,3.7300503922951385,Q4_high
35_44|men|hs|1500plus_week|parent,0.059676306523763295,0.01575962452472161,708225434.6848881,35_44,men,hs,1500plus_week,parent,-0.6380453341534189,Q1_low
55_64|men|some_college|1000_1499_week|nonparent,0.06087821299356996,0.016727133346573976,991647431.7709621,55_64,men,some_college,1000_1499_week,nonparent,-0.5746713678292641,Q2
35_44|men|some_college|500_999_week|parent,0.061711337914973255,0.01380480461967567,892797717.3172339,35_44,men,some_college,500_999_week,parent,-0.530742466505254,Q2
35_44|women|some_college|lt_500_week|parent,0.07888041984257023,0.0407143202804793,1069849686.5439131,35_44,women,some_college,lt_500_week,parent,0.3745466281371998,Q4_high
15_24|men|some_college|no_valid_earnings|parent,0.12476138682567725,0.1399805708493031,763390071.4015849,15_24,men,some_college,no_valid_earnings,parent,2.793752223207168,Q4_high
15_24|women|some_college|lt_500_week|nonparent,0.10382650592335516,0.09123627407806817,3023558302.7709746,15_24,women,some_college,lt_500_week,nonparent,1.6899005753186573,Q4_high
45_54|women|some_college|no_valid_earnings|parent,0.08550368209684299,0.054918731639094075,747642931.797805,45_54,women,some_college,no_valid_earnings,parent,0.7237771295137714,Q4_high
15_24|women|some_college|lt_500_week|parent,0.10854817482518528,0.10785172678641221,1367148867.2758381,15_24,women,some_college,lt_500_week,parent,1.9388641124119588,Q4_high
25_34|men|hs|no_valid_earnings|nonparent,0.09740121099958461,0.08712086015921187,965045871.9446241,25_34,men,hs,no_valid_earnings,nonparent,1.3511084693178492,Q4_high
35_44|women|some_college|no_valid_earnings|nonparent,0.07574701495449689,0.040400806786043394,455117790.88900995,35_44,women,some_college,no_valid_earnings,nonparent,0.20932886715065305,Q3
25_34|women|hs|lt_500_week|parent,0.0679575953196405,0.023169889412956616,1366419630.738956,25_34,women,hs,lt_500_week,parent,-0.20139062727348805,Q3
65_plus|men|hs|lt_500_week|nonparent,0.05983700220654976,0.013957529684614337,481633097.739568,65_plus,men,hs,lt_500_week,nonparent,-0.6295721933182719,Q1_low
25_34|men|some_college|1000_1499_week|parent,0.06328181954518622,0.020009371847468954,726086585.491153,25_34,men,some_college,1000_1499_week,parent,-0.4479343175801304,Q2
15_24|women|hs|500_999_week|nonparent,0.06348532056448798,0.020749178591598364,529996753.2190259,15_24,women,hs,500_999_week,nonparent,-0.4372041425888637,Q2
55_64|women|hs|lt_500_week|nonparent,0.06467673191316413,0.019828697264677866,1553798481.911973,55_64,women,hs,lt_500_week,nonparent,-0.37438356163187525,Q2
25_34|men|some_college|500_999_week|parent,0.060052620173586896,0.015017462878569062,1055016393.743498,25_34,men,some_college,500_999_week,parent,-0.6182031174998412,Q1_low
15_24|men|some_college|500_999_week|nonparent,0.06879736030890646,0.025915765141078136,1051866068.8031591,15_24,men,some_college,500_999_week,nonparent,-0.15711160932419174,Q3
45_54|women|ba_plus|no_valid_earnings|parent,0.08438065902081938,0.04721564118713174,1475643401.215125,45_54,women,ba_plus,no_valid_earnings,parent,0.6645625164061335,Q4_high
25_34|women|lt_hs|no_valid_earnings|parent,0.06967673861766828,0.02362856668123317,1153585748.559665,25_34,women,lt_hs,no_valid_earnings,parent,-0.11074386547251891,Q3
15_24|women|some_college|500_999_week|nonparent,0.09052413566369645,0.06636236490987467,975548087.370195,15_24,women,some_college,500_999_week,nonparent,0.9884949451429133,Q4_high
15_24|men|hs|500_999_week|nonparent,0.05653797472117689,0.010076868190230227,1250968257.843966,15_24,men,hs,500_999_week,nonparent,-0.8035228808406644,Q1_low
45_54|men|lt_hs|lt_500_week|nonparent,0.05348682667972944,0.004145776539755522,214270158.058529,45_54,men,lt_hs,lt_500_week,nonparent,-0.9644034136327083,Q1_low
35_44|men|lt_hs|lt_500_week|parent,0.0580259467209198,0.010485298248080638,389979500.53760296,35_44,men,lt_hs,lt_500_week,parent,-0.7250652888633444,Q1_low
55_64|men|ba_plus|1000_1499_week|nonparent,0.06126254453567163,0.015239052541463467,1052557036.931224,55_64,men,ba_plus,1000_1499_week,nonparent,-0.5544063848057688,Q2
45_54|women|hs|1000_1499_week|parent,0.05919211152756543,0.010402215290307121,166864236.85311502,45_54,women,hs,1000_1499_week,parent,-0.6635759042553536,Q1_low
25_34|women|some_college|500_999_week|nonparent,0.06664971766961068,0.0267648040198749,1347307342.582486,25_34,women,some_college,500_999_week,nonparent,-0.27035222805631526,Q2
65_plus|men|ba_plus|lt_500_week|nonparent,0.07352659214655768,0.038526675041158115,769080984.1281931,65_plus,men,ba_plus,lt_500_week,nonparent,0.09225070525477837,Q3
55_64|women|some_college|500_999_week|nonparent,0.06626397797012727,0.021899816836412962,2014694836.364525,55_64,women,some_college,500_999_week,nonparent,-0.2906914602171036,Q2
55_64|women|ba_plus|1000_1499_week|nonparent,0.07009295391839868,0.02610993854699678,1628278263.345797,55_64,women,ba_plus,1000_1499_week,nonparent,-0.08879771981583647,Q3
25_34|men|some_college|no_valid_earnings|parent,0.07787084061001574,0.04529511763222033,484261486.18743294,25_34,men,some_college,no_valid_earnings,parent,0.3213136670934293,Q4_high
25_34|women|some_college|500_999_week|parent,0.06884348850259388,0.02732441351088961,1676114264.104062,25_34,women,some_college,500_999_week,parent,-0.15467936799195992,Q3
35_44|men|some_college|1000_1499_week|nonparent,0.06822746440205489,0.026919799993529836,476402797.67527604,35_44,men,some_college,1000_1499_week,nonparent,-0.18716100577589267,Q3
65_plus|women|hs|no_valid_earnings|parent,0.06937867478843757,0.02747140584325214,691580025.3292559,65_plus,women,hs,no_valid_earnings,parent,-0.12646013587345478,Q3
45_54|men|some_college|1000_1499_week|parent,0.05786915501944984,0.009714076226403601,563511384.3924471,45_54,men,some_college,1000_1499_week,parent,-0.7333325810848949,Q1_low
55_64|women|some_college|500_999_week|parent,0.07445118280816071,0.035158203870077044,115595603.71012999,55_64,women,some_college,500_999_week,parent,0.14100240010295023,Q3
45_54|men|some_college|no_valid_earnings|nonparent,0.07754726927315668,0.04830418722180066,1251863153.5618453,45_54,men,some_college,no_valid_earnings,nonparent,0.3042524401837626,Q4_high
25_34|women|some_college|1000_1499_week|parent,0.062073853359191265,0.014843861151416707,337169631.28171897,25_34,women,some_college,1000_1499_week,parent,-0.5116277998227844,Q2
45_54|women|some_college|lt_500_week|nonparent,0.06684511085684364,0.02258525348044195,918490310.9738762,45_54,women,some_college,lt_500_week,nonparent,-0.26004956176842825,Q2
15_24|women|hs|500_999_week|parent,0.055437607339497104,0.003914206362525128,287559204.02930206,15_24,women,hs,500_999_week,parent,-0.8615429074755073,Q1_low
55_64|women|lt_hs|500_999_week|parent,0.05721768747551485,0.01371927996324856,81136097.30230099,55_64,women,lt_hs,500_999_week,parent,-0.7676830760924281,Q1_low
35_44|men|hs|lt_500_week|parent,0.06067243034340153,0.013373974122020633,513358620.3665,35_44,men,hs,lt_500_week,parent,-0.5855218483529003,Q2
35_44|men|some_college|lt_500_week|parent,0.08848834184333575,0.07287146697719891,210892703.74793902,35_44,men,some_college,lt_500_week,parent,0.8811518762307252,Q4_high
45_54|men|lt_hs|1500plus_week|nonparent,0.054645662082641024,0.004319680902324615,20152168.049516,45_54,men,lt_hs,1500plus_week,nonparent,-0.9033004928612025,Q1_low
45_54|men|some_college|lt_500_week|nonparent,0.06150658204622368,0.013524538206135585,164511389.227555,45_54,men,some_college,lt_500_week,nonparent,-0.5415388070332285,Q2
15_24|women|hs|no_valid_earnings|parent,0.10976089165865921,0.10669772335262957,1334811057.8352969,15_24,women,hs,no_valid_earnings,parent,2.002808086170312,Q4_high
25_34|men|some_college|1500plus_week|nonparent,0.061629399586347694,0.018395935165921196,223477384.18734297,25_34,men,some_college,1500plus_week,nonparent,-0.535062899924511,Q2
25_34|men|ba_plus|lt_500_week|nonparent,0.09212649286822581,0.0772614564996803,981740562.793587,25_34,men,ba_plus,lt_500_week,nonparent,1.0729838251598793,Q4_high
25_34|men|ba_plus|500_999_week|nonparent,0.06988957734752957,0.030131374899379965,2528583174.3331833,25_34,men,ba_plus,500_999_week,nonparent,-0.09952133290650741,Q3
55_64|women|ba_plus|no_valid_earnings|parent,0.08813850519084077,0.05611898244016114,268158307.47101003,55_64,women,ba_plus,no_valid_earnings,parent,0.8627057352113344,Q4_high
65_plus|women|hs|1000_1499_week|nonparent,0.07215914794948726,0.03683818897786662,129301528.88868001,65_plus,women,hs,1000_1499_week,nonparent,0.02014828741086595,Q3
15_24|men|ba_plus|1500plus_week|nonparent,0.05928359773641019,0.014680643791693709,411542164.8253559,15_24,men,ba_plus,1500plus_week,nonparent,-0.6587520314631677,Q1_low
45_54|women|ba_plus|no_valid_earnings|nonparent,0.08465815658515,0.048677489140337746,1429748868.386689,45_54,women,ba_plus,no_valid_earnings,nonparent,0.6791943714952836,Q4_high
55_64|women|lt_hs|500_999_week|nonparent,0.0752275764972565,0.041488110353252686,136700746.28932598,55_64,women,lt_hs,500_999_week,nonparent,0.18193998446836077,Q3
45_54|women|hs|lt_500_week|parent,0.06390528510604536,0.017229768951032346,564329316.979948,45_54,women,hs,lt_500_week,parent,-0.41506030745477257,Q2
15_24|men|hs|no_valid_earnings|parent,0.08927045203616794,0.06931644942969775,1080484739.915198,15_24,men,hs,no_valid_earnings,parent,0.9223908796535946,Q4_high
55_64|women|some_college|1000_1499_week|nonparent,0.07729304560195462,0.037453258967843184,796262288.653589,55_64,women,some_college,1000_1499_week,nonparent,0.2908477678716532,Q4_high
25_34|women|lt_hs|lt_500_week|nonparent,0.05320937248860453,0.004520020119537153,22490956.114758,25_34,women,lt_hs,lt_500_week,nonparent,-0.9790329817451706,Q1_low
55_64|men|some_college|no_valid_earnings|parent,0.06571067704550215,0.022626665712206267,293870416.077287,55_64,men,some_college,no_valid_earnings,parent,-0.31986583862772683,Q2
45_54|men|some_college|lt_500_week|parent,0.08157062958314365,0.05194001032112745,102062059.875342,45_54,men,some_college,lt_500_week,parent,0.5163956536536672,Q4_high
15_24|women|hs|lt_500_week|nonparent,0.08361205836316168,0.05350795592396651,1288142064.791116,15_24,women,hs,lt_500_week,nonparent,0.6240358419778333,Q4_high
25_34|men|hs|1000_1499_week|nonparent,0.059166803189184644,0.01300569593019229,590203504.372217,25_34,men,hs,1000_1499_week,nonparent,-0.6649103589941837,Q1_low
45_54|men|hs|no_valid_earnings|parent,0.05887510339235668,0.01314017719112448,776147583.991353,45_54,men,hs,no_valid_earnings,parent,-0.680291067531273,Q1_low
25_34|men|ba_plus|1000_1499_week|parent,0.06178461423357693,0.016324354059722136,915736450.099758,25_34,men,ba_plus,1000_1499_week,parent,-0.5268787624116282,Q2
45_54|men|lt_hs|no_valid_earnings|nonparent,0.05633507302528536,0.007790533702165297,591833391.7814059,45_54,men,lt_hs,no_valid_earnings,nonparent,-0.8142214547859499,Q1_low
45_54|men|lt_hs|1000_1499_week|nonparent,0.05421588371099515,0.005568861578910159,149306554.28642803,45_54,men,lt_hs,1000_1499_week,nonparent,-0.9259617903379661,Q1_low
55_64|men|lt_hs|500_999_week|nonparent,0.054990312417832976,0.004732140189887835,409959943.21887803,55_64,men,lt_hs,500_999_week,nonparent,-0.8851278152987156,Q1_low
25_34|women|some_college|1500plus_week|parent,0.08469315817000421,0.052486973313752405,87890168.898884,25_34,women,some_college,1500plus_week,parent,0.6810399304597842,Q4_high
55_64|men|some_college|500_999_week|nonparent,0.0637712864578814,0.021189586592761447,916385595.277317,55_64,men,some_college,500_999_week,nonparent,-0.4221257705582296,Q2
45_54|men|lt_hs|1500plus_week|parent,0.05735642897814846,0.013353435559161466,92962542.789522,45_54,men,lt_hs,1500plus_week,parent,-0.7603675323820435,Q1_low
25_34|men|some_college|lt_500_week|parent,0.10580682481130053,0.08076774503230331,292256525.288751,25_34,men,some_college,lt_500_week,parent,1.7943185692877932,Q4_high
35_44|men|hs|500_999_week|nonparent,0.0594650687125556,0.012167973238048087,1252660525.450173,35_44,men,hs,500_999_week,nonparent,-0.649183453691138,Q1_low
25_34|women|lt_hs|lt_500_week|parent,0.07403428101144194,0.0375298472983627,570217546.421497,25_34,women,lt_hs,lt_500_week,parent,0.11902005697604705,Q3
55_64|men|ba_plus|500_999_week|parent,0.06344765770537182,0.013368352103118765,129372345.65925701,55_64,men,ba_plus,500_999_week,parent,-0.439190024872768,Q2
55_64|men|hs|lt_500_week|nonparent,0.06090603671175316,0.013901297737838228,575264938.359351,55_64,men,hs,lt_500_week,nonparent,-0.5732042824749117,Q2
55_64|women|hs|no_valid_earnings|parent,0.08166522112948423,0.05255832953897003,397083154.950138,55_64,women,hs,no_valid_earnings,parent,0.5213832642730706,Q4_high
35_44|women|hs|500_999_week|nonparent,0.060319244811130636,0.014649746657172683,629916847.2257,35_44,women,hs,500_999_week,nonparent,-0.604144568664835,Q1_low
45_54|men|ba_plus|500_999_week|nonparent,0.06748621689795185,0.025588528569427855,588618214.449549,45_54,men,ba_plus,500_999_week,nonparent,-0.22624540671970822,Q3
45_54|men|some_college|1000_1499_week|nonparent,0.06123223130015045,0.015024629907470121,779252948.5654271,45_54,men,some_college,1000_1499_week,nonparent,-0.5560047371030188,Q2
25_34|women|ba_plus|no_valid_earnings|nonparent,0.09954799370558316,0.08160244967808708,1278455934.247055,25_34,women,ba_plus,no_valid_earnings,nonparent,1.464303745600133,Q4_high
55_64|women|some_college|1500plus_week|parent,0.058756222838130534,0.00690567874153743,43547190.203512,55_64,women,some_college,1500plus_week,parent,-0.6865593857651672,Q1_low
65_plus|men|ba_plus|1500plus_week|parent,0.056180119956605934,0.005531808894404126,87315870.93330799,65_plus,men,ba_plus,1500plus_week,parent,-0.822391799819448,Q1_low
35_44|women|lt_hs|no_valid_earnings|parent,0.06617998123236579,0.02283412158856195,1168738701.8194082,35_44,women,lt_hs,no_valid_earnings,parent,-0.2951204291626582,Q2
45_54|men|ba_plus|lt_500_week|parent,0.07047520843919916,0.032956388477568314,122942943.582799,45_54,men,ba_plus,lt_500_week,parent,-0.0686422536984417,Q3
65_plus|men|lt_hs|no_valid_earnings|parent,0.05273241466903104,0.003973041015016433,206323300.027793,65_plus,men,lt_hs,no_valid_earnings,parent,-1.0041819509495338,Q1_low
25_34|men|lt_hs|no_valid_earnings|parent,0.08459087414451831,0.04878722480739581,536492858.21070004,25_34,men,lt_hs,no_valid_earnings,parent,0.675646711811344,Q4_high
65_plus|men|ba_plus|1000_1499_week|nonparent,0.07227408058484949,0.03569762596541419,365562747.0027261,65_plus,men,ba_plus,1000_1499_week,nonparent,0.026208440297940564,Q3
25_34|women|lt_hs|500_999_week|parent,0.07997431722818028,0.04913963917952717,153952403.970432,25_34,women,lt_hs,500_999_week,parent,0.4322255056698948,Q4_high
55_64|men|ba_plus|lt_500_week|nonparent,0.06793110885960513,0.026461244153518713,374168566.643483,55_64,men,ba_plus,lt_500_week,nonparent,-0.20278720185603277,Q3
35_44|men|lt_hs|500_999_week|parent,0.061563294516643184,0.017010492262672212,779971259.900946,35_44,men,lt_hs,500_999_week,parent,-0.5385484793489926,Q2
25_34|men|hs|lt_500_week|nonparent,0.077746691040775,0.051540383538920695,1103543131.6618512,25_34,men,hs,lt_500_week,nonparent,0.3147675249285679,Q4_high
35_44|men|some_college|no_valid_earnings|nonparent,0.07279241056122415,0.035882557482463065,507834975.6758059,35_44,men,some_college,no_valid_earnings,nonparent,0.05353887514687811,Q3
35_44|men|hs|1000_1499_week|nonparent,0.063384077232767,0.015024244413679038,293768113.279149,35_44,men,hs,1000_1499_week,nonparent,-0.44254248767328863,Q2
45_54|men|ba_plus|1000_1499_week|parent,0.06391591259229261,0.017620698799094295,901291954.315843,45_54,men,ba_plus,1000_1499_week,parent,-0.41449994275713353,Q2
65_plus|women|some_college|500_999_week|nonparent,0.06866758598060561,0.025515499219519355,308735545.304877,65_plus,women,some_college,500_999_week,nonparent,-0.16395433304528165,Q3
25_34|men|ba_plus|no_valid_earnings|parent,0.10377777814800825,0.09140053666374877,307630064.21781194,25_34,men,ba_plus,no_valid_earnings,parent,1.6873312635864532,Q4_high
45_54|women|some_college|1000_1499_week|parent,0.07297086411543098,0.030341809574433495,371023953.19957197,45_54,women,some_college,1000_1499_week,parent,0.06294835069163363,Q3
45_54|men|lt_hs|1000_1499_week|parent,0.05167798330644607,0.0,37553106.191813,45_54,men,lt_hs,1000_1499_week,parent,-1.0597798692087987,Q1_low
15_24|women|lt_hs|no_valid_earnings|nonparent,0.0917744004412708,0.06594257766096061,770171623.197131,15_24,women,lt_hs,no_valid_earnings,nonparent,1.054418741961329,Q4_high
55_64|women|lt_hs|no_valid_earnings|parent,0.06567723880555447,0.026789325203785616,370438017.71358603,55_64,women,lt_hs,no_valid_earnings,parent,-0.3216289657475304,Q2
35_44|women|hs|lt_500_week|nonparent,0.06527776340522821,0.01977017545285147,331123872.312257,35_44,women,hs,lt_500_week,nonparent,-0.3426924521365142,Q2
25_34|women|ba_plus|lt_500_week|nonparent,0.10287385949860928,0.0895208191407896,979580371.7329689,25_34,women,ba_plus,lt_500_week,nonparent,1.6396695598800075,Q4_high
25_34|women|some_college|lt_500_week|nonparent,0.07657082122542068,0.04408490430028403,633168813.1499032,25_34,women,some_college,lt_500_week,nonparent,0.25276641589731214,Q3
45_54|men|hs|lt_500_week|parent,0.05597693750004001,0.009547498133329686,210396727.10126102,45_54,men,hs,lt_500_week,parent,-0.8331051776766613,Q1_low
15_24|women|lt_hs|500_999_week|nonparent,0.05120316393713516,0.0,53184692.381950006,15_24,women,lt_hs,500_999_week,nonparent,-1.0848160824888606,Q1_low
55_64|women|some_college|lt_500_week|parent,0.06974501533038367,0.027847061605771682,193478495.579427,55_64,women,some_college,lt_500_week,parent,-0.10714377994086743,Q3
25_34|men|hs|1000_1499_week|parent,0.0590508012344718,0.014154052774536165,654353200.4530559,25_34,men,hs,1000_1499_week,parent,-0.6710268948113927,Q1_low
45_54|men|some_college|1500plus_week|nonparent,0.06582161511223907,0.022699095757053117,928207398.383895,45_54,men,some_college,1500plus_week,nonparent,-0.31401631082995834,Q2
15_24|women|some_college|1000_1499_week|parent,0.05219087642219307,0.001627384604737189,102269090.501843,15_24,women,some_college,1000_1499_week,parent,-1.0327361084322468,Q1_low
15_24|men|hs|500_999_week|parent,0.06008402441838972,0.01413300021600284,794260031.5835159,15_24,men,hs,500_999_week,parent,-0.6165472386086246,Q1_low
35_44|men|some_college|lt_500_week|nonparent,0.08517467281418213,0.06458871107581092,197517108.731173,35_44,men,some_college,lt_500_week,nonparent,0.7064291713127997,Q4_high
15_24|men|lt_hs|no_valid_earnings|nonparent,0.11617106167093344,0.11469224814201927,929924460.138609,15_24,men,lt_hs,no_valid_earnings,nonparent,2.3408026878262294,Q4_high
45_54|men|ba_plus|1000_1499_week|nonparent,0.06622084866953398,0.0243908706738452,719485497.2708081,45_54,men,ba_plus,1000_1499_week,nonparent,-0.29296557630853554,Q2
45_54|women|lt_hs|lt_500_week|nonparent,0.05624051556408742,0.008964389684211075,283266214.964189,45_54,women,lt_hs,lt_500_week,nonparent,-0.8192072681684334,Q1_low
45_54|men|lt_hs|500_999_week|parent,0.05927141945915083,0.010767363404761462,314626835.95598704,45_54,men,lt_hs,500_999_week,parent,-0.6593941660654095,Q1_low
45_54|men|lt_hs|500_999_week|nonparent,0.05848015027592784,0.008647176327629034,495192400.295986,45_54,men,lt_hs,500_999_week,nonparent,-0.7011161035294631,Q1_low
25_34|men|hs|lt_500_week|parent,0.061759952928513495,0.01469737968221899,296491799.20723903,25_34,men,hs,lt_500_week,parent,-0.5281791004627673,Q2
65_plus|men|lt_hs|500_999_week|nonparent,0.06389740214862785,0.02357802191171445,166683662.96991497,65_plus,men,lt_hs,500_999_week,nonparent,-0.4154759589971028,Q2
65_plus|women|ba_plus|lt_500_week|parent,0.08973215606306081,0.07043843184735397,18436008.615798,65_plus,women,ba_plus,lt_500_week,parent,0.9467355488829249,Q4_high
35_44|men|some_college|no_valid_earnings|parent,0.07229733076228936,0.03349246141765337,732718440.74176,35_44,men,some_college,no_valid_earnings,parent,0.02743437259726666,Q3
55_64|men|hs|1000_1499_week|parent,0.07272417987287814,0.037218401451137896,191145463.25565103,55_64,men,hs,1000_1499_week,parent,0.04994121638212469,Q3
25_34|women|some_college|no_valid_earnings|nonparent,0.08936468790665397,0.06532575084616052,916340944.0530181,25_34,women,some_college,no_valid_earnings,nonparent,0.9273597362433004,Q4_high
45_54|women|hs|1500plus_week|parent,0.06830358644790269,0.011429776762211612,92148441.642869,45_54,women,hs,1500plus_week,parent,-0.18314725255026942,Q3
45_54|men|hs|1500plus_week|parent,0.06394154414884895,0.01617088914490691,667278678.8046261,45_54,men,hs,1500plus_week,parent,-0.4131484454128364,Q2
65_plus|women|lt_hs|lt_500_week|nonparent,0.0774649637895105,0.042208292489956264,229028589.79084998,65_plus,women,lt_hs,lt_500_week,nonparent,0.2999126474628485,Q4_high
35_44|women|some_college|1500plus_week|parent,0.06705366124482738,0.024407155687610732,241231379.05798802,35_44,women,some_college,1500plus_week,parent,-0.2490531443291435,Q3
65_plus|women|hs|500_999_week|nonparent,0.07261775550580549,0.028851351151555706,388080713.876298,65_plus,women,hs,500_999_week,nonparent,0.044329686346832514,Q3
15_24|men|hs|1000_1499_week|nonparent,0.06233025549316493,0.01761224411851153,286658314.20299196,15_24,men,hs,1000_1499_week,nonparent,-0.4981082618120588,Q2
55_64|women|some_college|1500plus_week|nonparent,0.0685460999781046,0.022431718625169822,626626434.3262959,55_64,women,some_college,1500plus_week,nonparent,-0.17036003101327252,Q3
15_24|men|hs|lt_500_week|nonparent,0.0913599109744868,0.07777885660503417,1677053657.247504,15_24,men,hs,lt_500_week,nonparent,1.0325635958500747,Q4_high
15_24|women|ba_plus|no_valid_earnings|nonparent,0.14503551820399213,0.17759588169036244,387645380.184325,15_24,women,ba_plus,no_valid_earnings,nonparent,3.862763957063208,Q4_high
45_54|women|hs|1000_1499_week|nonparent,0.0610178392741408,0.009250756241325344,579524279.001969,45_54,women,hs,1000_1499_week,nonparent,-0.5673091716641279,Q2
25_34|women|hs|lt_500_week|nonparent,0.10088094435725804,0.09180363890287667,347708148.209429,25_34,women,hs,lt_500_week,nonparent,1.5345873923173292,Q4_high
25_34|women|hs|no_valid_earnings|nonparent,0.08078788895916193,0.044096427159372294,621200251.4453931,25_34,women,hs,no_valid_earnings,nonparent,0.47512340894002947,Q4_high
25_34|women|ba_plus|1500plus_week|parent,0.060995053582190074,0.01495959486092545,892144441.6082839,25_34,women,ba_plus,1500plus_week,parent,-0.5685106126336485,Q2
35_44|men|hs|no_valid_earnings|parent,0.07017474827305324,0.032748563522189945,1002044565.782123,35_44,men,hs,no_valid_earnings,parent,-0.08448487783719379,Q3
65_plus|men|some_college|no_valid_earnings|parent,0.06671521805203463,0.025869312882370658,174550253.010423,65_plus,men,some_college,no_valid_earnings,parent,-0.2668985325032642,Q2
35_44|women|hs|1500plus_week|nonparent,0.07494528332262061,0.0270279597833886,34802944.717999995,35_44,women,hs,1500plus_week,nonparent,0.16705526706951737,Q3
35_44|men|lt_hs|500_999_week|nonparent,0.06425890856118502,0.01673407172289917,286313419.94258404,35_44,men,lt_hs,500_999_week,nonparent,-0.3964144964033878,Q2
55_64|men|some_college|1500plus_week|parent,0.05697815726985006,0.006956730912012404,229777513.660187,55_64,men,some_college,1500plus_week,parent,-0.7803129932854526,Q1_low
55_64|men|lt_hs|500_999_week|parent,0.05401270643011039,9.56617028878862e-05,171975187.857942,55_64,men,lt_hs,500_999_week,parent,-0.9366748952925431,Q1_low
55_64|women|hs|1000_1499_week|nonparent,0.062051664506322435,0.01053940972077041,606655840.214444,55_64,women,hs,1000_1499_week,nonparent,-0.512797770739662,Q2
55_64|women|ba_plus|1500plus_week|parent,0.07047822936214529,0.03107115562069661,202607045.323845,55_64,women,ba_plus,1500plus_week,parent,-0.0684829668705019,Q3
65_plus|women|some_college|1000_1499_week|parent,0.10470833333333335,0.04166666666666667,3615131.133777,65_plus,women,some_college,1000_1499_week,parent,1.7363974550572812,Q4_high
35_44|men|ba_plus|no_valid_earnings|nonparent,0.06225947030445586,0.01831681427466579,522159211.79563,35_44,men,ba_plus,no_valid_earnings,nonparent,-0.5018406139361129,Q2
35_44|women|hs|500_999_week|parent,0.06457537590805149,0.019230333503452848,1266036936.174186,35_44,women,hs,500_999_week,parent,-0.37972784774408225,Q2
35_44|men|hs|lt_500_week|nonparent,0.06300072407070342,0.02195243019968618,415600297.152068,35_44,men,hs,lt_500_week,nonparent,-0.46275588280276414,Q2
55_64|women|hs|1500plus_week|nonparent,0.05761390790343859,0.009445634686724155,262169073.93848303,55_64,women,hs,1500plus_week,nonparent,-0.74679121746035,Q1_low
65_plus|men|lt_hs|lt_500_week|nonparent,0.05555994314868578,0.009013253356771965,221457326.22609,65_plus,men,lt_hs,lt_500_week,nonparent,-0.8550924010122145,Q1_low
65_plus|women|some_college|1500plus_week|nonparent,0.06233879656587129,0.009645536619237867,126034936.81870602,65_plus,women,some_college,1500plus_week,nonparent,-0.49765790925330083,Q2
35_44|women|lt_hs|lt_500_week|nonparent,0.08171988290205096,0.04807193099695177,136823635.57042798,35_44,women,lt_hs,lt_500_week,nonparent,0.5242654630305328,Q4_high
45_54|men|lt_hs|lt_500_week|parent,0.05808993468287613,0.0009733844494069047,143049669.438709,45_54,men,lt_hs,lt_500_week,parent,-0.7216913400178703,Q1_low
35_44|men|ba_plus|lt_500_week|nonparent,0.0854658225685403,0.06200904945771893,183364207.914052,35_44,men,ba_plus,lt_500_week,nonparent,0.7217808772828559,Q4_high
35_44|women|hs|no_valid_earnings|nonparent,0.07065198681390632,0.03054714531523952,613200548.140612,35_44,women,hs,no_valid_earnings,nonparent,-0.05932110679810739,Q3
15_24|men|ba_plus|1000_1499_week|nonparent,0.06510862699652376,0.019633308883037295,528647559.74275106,15_24,men,ba_plus,1000_1499_week,nonparent,-0.351610654458155,Q2
65_plus|women|ba_plus|500_999_week|parent,0.07932473105880826,0.042068624269202416,21541469.879615,65_plus,women,ba_plus,500_999_week,parent,0.39797421153297147,Q4_high
45_54|men|ba_plus|lt_500_week|nonparent,0.06215191676430943,0.014557568997489157,201961273.32785296,45_54,men,ba_plus,lt_500_week,nonparent,-0.5075116828607855,Q2
65_plus|men|hs|1500plus_week|nonparent,0.05652552655722872,0.0012404288047548032,103473189.317741,65_plus,men,hs,1500plus_week,nonparent,-0.804179245992751,Q1_low
65_plus|men|some_college|1500plus_week|parent,0.09617160024321018,0.073501917097375,13961770.670002,65_plus,men,some_college,1500plus_week,parent,1.286273715013859,Q4_high
55_64|women|ba_plus|1000_1499_week|parent,0.0843471059571192,0.046817147215934156,119966783.928792,55_64,women,ba_plus,1000_1499_week,parent,0.6627933348746038,Q4_high
25_34|women|some_college|1000_1499_week|nonparent,0.053833217038530265,0.005190190460630204,121031818.96510899,25_34,women,some_college,1000_1499_week,nonparent,-0.9461389883341355,Q1_low
15_24|women|ba_plus|1500plus_week|nonparent,0.07218759976115456,0.036656835222560046,116852799.5979,15_24,women,ba_plus,1500plus_week,nonparent,0.02164849079587211,Q3
15_24|women|some_college|500_999_week|parent,0.06789632206661406,0.029056168861856396,428487475.50123394,15_24,women,some_college,500_999_week,parent,-0.20462143530341248,Q3
25_34|women|hs|1000_1499_week|parent,0.06042468046772308,0.010917948399413752,203175109.761698,25_34,women,hs,1000_1499_week,parent,-0.5985851712257569,Q1_low
45_54|men|lt_hs|no_valid_earnings|parent,0.06350912534959578,0.016613918376541966,479282987.45539,45_54,men,lt_hs,no_valid_earnings,parent,-0.43594896700933783,Q2
15_24|men|lt_hs|lt_500_week|nonparent,0.09836570908388814,0.08739417553590165,427831875.59623504,15_24,men,lt_hs,lt_500_week,nonparent,1.4019643975035059,Q4_high
35_44|men|lt_hs|no_valid_earnings|parent,0.07257081819872556,0.025382984179106144,473867221.54278994,35_44,men,lt_hs,no_valid_earnings,parent,0.041854782190015434,Q3
25_34|men|ba_plus|lt_500_week|parent,0.12293199595356175,0.1296657463091148,172778499.821559,25_34,men,ba_plus,lt_500_week,parent,2.6972923418140566,Q4_high
65_plus|women|ba_plus|1000_1499_week|parent,0.05824343437410282,0.007606501674400034,44071286.77069601,65_plus,women,ba_plus,1000_1499_week,parent,-0.7135976284796229,Q1_low
35_44|men|lt_hs|1000_1499_week|parent,0.0550271460357827,0.0032422875973274414,210834068.514945,35_44,men,lt_hs,1000_1499_week,parent,-0.883185657134014,Q1_low
35_44|women|hs|1500plus_week|parent,0.07072657815852884,0.038182667118729384,33524306.110138,35_44,women,hs,1500plus_week,parent,-0.05538806418544749,Q3
35_44|women|lt_hs|no_valid_earnings|nonparent,0.061596437476470624,0.01281606529492195,229261666.10335597,35_44,women,lt_hs,no_valid_earnings,nonparent,-0.5368009217205485,Q2
25_34|men|lt_hs|500_999_week|nonparent,0.06426392941272925,0.022402356751970474,345015723.57281405,25_34,men,lt_hs,500_999_week,nonparent,-0.3961497576032597,Q2
55_64|men|lt_hs|lt_500_week|parent,0.061646529842822234,0.010781281501463439,141178641.675973,55_64,men,lt_hs,lt_500_week,parent,-0.5341596580132528,Q2
55_64|men|hs|1500plus_week|nonparent,0.05816270966872506,0.010570850104755466,688007260.904923,55_64,men,hs,1500plus_week,nonparent,-0.717854070131826,Q1_low
65_plus|men|hs|1500plus_week|parent,0.09221173687501236,0.07159743823317806,40077839.365138,65_plus,men,hs,1500plus_week,parent,1.0774785599426078,Q4_high
65_plus|men|lt_hs|lt_500_week|parent,0.051729620031746866,0.002076374587931422,8290396.524037,65_plus,men,lt_hs,lt_500_week,parent,-1.0570571747458686,Q1_low
55_64|men|hs|lt_500_week|parent,0.060423154949976,0.009298451091408474,55640978.748973,55_64,men,hs,lt_500_week,parent,-0.5986656085249635,Q1_low
65_plus|women|ba_plus|500_999_week|nonparent,0.06858362720368161,0.027995699114777544,380981098.480878,65_plus,women,ba_plus,500_999_week,nonparent,-0.1683813003967887,Q3
15_24|men|ba_plus|500_999_week|nonparent,0.07553455197382834,0.038642117722424055,658491169.6122918,15_24,men,ba_plus,500_999_week,nonparent,0.19812614703867656,Q3
25_34|men|lt_hs|no_valid_earnings|nonparent,0.08211009025277358,0.06090650442055108,215692408.152866,25_34,men,lt_hs,no_valid_earnings,nonparent,0.5448402649184957,Q4_high
55_64|men|lt_hs|1500plus_week|nonparent,0.05039491750270558,0.0,75292992.576178,55_64,men,lt_hs,1500plus_week,nonparent,-1.1274331942225193,Q1_low
55_64|men|lt_hs|1000_1499_week|nonparent,0.05459405245124228,0.004035653507515182,160545091.04654497,55_64,men,lt_hs,1000_1499_week,nonparent,-0.9060217587204272,Q1_low
15_24|women|ba_plus|1000_1499_week|nonparent,0.07279049118915734,0.03519452443256027,560998537.013641,15_24,women,ba_plus,1000_1499_week,nonparent,0.05343767074888101,Q3
65_plus|men|some_college|lt_500_week|parent,0.05325601199885584,0.003144248017011596,32276132.373342995,65_plus,men,some_college,lt_500_week,parent,-0.9765737797803814,Q1_low
25_34|men|lt_hs|1000_1499_week|parent,0.051792499278954,0.0017192628723981002,153545564.697379,25_34,men,lt_hs,1000_1499_week,parent,-1.0537416860659266,Q1_low
35_44|women|lt_hs|500_999_week|nonparent,0.08822014192181839,0.06633771289251182,53834827.404544994,35_44,women,lt_hs,500_999_week,nonparent,0.8670102660294622,Q4_high
45_54|men|hs|1500plus_week|nonparent,0.055046832746770094,0.003581345570385458,591146611.5535611,45_54,men,hs,1500plus_week,nonparent,-0.8821476188253018,Q1_low
25_34|men|lt_hs|1500plus_week|nonparent,0.060464049866373895,0.0,18600138.777923,25_34,men,lt_hs,1500plus_week,nonparent,-0.5965093067496297,Q1_low
15_24|men|hs|lt_500_week|parent,0.07301311344081705,0.03877324130768531,916492580.0887672,15_24,men,hs,lt_500_week,parent,0.06517606756603066,Q3
25_34|women|lt_hs|no_valid_earnings|nonparent,0.08206322242137745,0.05064064418586871,128603190.52889,25_34,women,lt_hs,no_valid_earnings,nonparent,0.5423690240664002,Q4_high
65_plus|men|some_college|500_999_week|parent,0.06667648196428898,0.025146426615858888,23895475.391727,65_plus,men,some_college,500_999_week,parent,-0.268941003845246,Q2
35_44|men|lt_hs|1500plus_week|parent,0.06088973269927914,0.015661805805946546,47879261.38898501,35_44,men,lt_hs,1500plus_week,parent,-0.5740639583011377,Q2
15_24|men|hs|1000_1499_week|parent,0.0731009210115812,0.0479272220157286,51823253.10835999,15_24,men,hs,1000_1499_week,parent,0.06980597361313558,Q3
15_24|men|lt_hs|500_999_week|parent,0.060119819901824904,0.01720175250287654,365250707.26796705,15_24,men,lt_hs,500_999_week,parent,-0.614659819064121,Q1_low
25_34|women|hs|1000_1499_week|nonparent,0.07859919339536628,0.01823675596447124,88861092.185546,25_34,women,hs,1000_1499_week,nonparent,0.35971815700214416,Q4_high
65_plus|women|hs|1500plus_week|nonparent,0.06433803923482075,0.021512114958530643,38744544.036885,65_plus,women,hs,1500plus_week,nonparent,-0.3922421046473097,Q2
65_plus|men|lt_hs|1000_1499_week|nonparent,0.05469069946032019,0.0032916116878074753,82771119.302742,65_plus,men,lt_hs,1000_1499_week,nonparent,-0.9009257679320434,Q1_low
55_64|women|hs|1000_1499_week|parent,0.05765125331495836,0.0,28885452.378889002,55_64,women,hs,1000_1499_week,parent,-0.7448220735115731,Q1_low
15_24|women|ba_plus|lt_500_week|parent,0.139405697465455,0.15560621669525848,98596229.420232,15_24,women,ba_plus,lt_500_week,parent,3.5659155093196238,Q4_high
35_44|women|hs|1000_1499_week|nonparent,0.05357826991472824,0.001503955630712487,142355036.297355,35_44,women,hs,1000_1499_week,nonparent,-0.9595818067598224,Q1_low
35_44|men|ba_plus|lt_500_week|parent,0.056316131672365925,0.007149956585255021,160341015.57029003,35_44,men,ba_plus,lt_500_week,parent,-0.8152201919524475,Q1_low
65_plus|men|hs|no_valid_earnings|parent,0.0585478626180054,0.008318762742057952,348529746.37021995,65_plus,men,hs,no_valid_earnings,parent,-0.6975457760586046,Q1_low
55_64|men|hs|1500plus_week|parent,0.06745725644089032,0.023570063407962364,147355807.709065,55_64,men,hs,1500plus_week,parent,-0.22777242989218946,Q3
15_24|women|ba_plus|no_valid_earnings|parent,0.08071477083272624,0.052690446972176286,107322586.28734499,15_24,women,ba_plus,no_valid_earnings,parent,0.47126804598223937,Q4_high
65_plus|men|hs|500_999_week|parent,0.05159882003472312,0.0,24835019.681548998,65_plus,men,hs,500_999_week,parent,-1.0639539797925341,Q1_low
35_44|women|ba_plus|no_valid_earnings|nonparent,0.09284223855357855,0.07095179525381395,579237751.288946,35_44,women,ba_plus,no_valid_earnings,nonparent,1.1107235695573778,Q4_high
25_34|women|some_college|1500plus_week|nonparent,0.08969282287767211,0.06077541397544282,106054231.98161699,25_34,women,some_college,1500plus_week,nonparent,0.9446615938549212,Q4_high
55_64|men|some_college|lt_500_week|parent,0.07148854917592982,0.03484376307155122,46402481.39272,55_64,men,some_college,lt_500_week,parent,-0.015210956556998279,Q3
65_plus|men|hs|1000_1499_week|parent,0.049999999999999996,0.0,25565175.352654,65_plus,men,hs,1000_1499_week,parent,-1.1482563523849918,Q1_low
15_24|men|lt_hs|500_999_week|nonparent,0.05069714725027789,0.000643144423698382,229248839.907713,15_24,men,lt_hs,500_999_week,nonparent,-1.1114972638269653,Q1_low
65_plus|men|hs|1000_1499_week|nonparent,0.06008909221358953,0.017090040731153625,204420917.521076,65_plus,men,hs,1000_1499_week,nonparent,-0.6162800245695967,Q1_low
15_24|men|ba_plus|no_valid_earnings|parent,0.20111823525905528,0.2797822079346001,96598742.30174199,15_24,men,ba_plus,no_valid_earnings,parent,6.819886088693286,Q4_high
65_plus|women|some_college|lt_500_week|parent,0.06474864535656695,0.007885551579618252,27140054.031435,65_plus,women,some_college,lt_500_week,parent,-0.3705917190426615,Q2
35_44|women|lt_hs|500_999_week|parent,0.05769769669822144,0.00910943650539222,349600857.84871,35_44,women,lt_hs,500_999_week,parent,-0.7423732129048342,Q1_low
15_24|women|some_college|1000_1499_week|nonparent,0.07421226614477194,0.035443382342264275,97034009.00798701,15_24,women,some_college,1000_1499_week,nonparent,0.1284048336863932,Q3
25_34|men|hs|1500plus_week|nonparent,0.054857407871201365,0.00601796138567497,233247827.26506197,25_34,men,hs,1500plus_week,nonparent,-0.8921355887604173,Q1_low
65_plus|men|ba_plus|500_999_week|parent,0.06525921319592805,0.016930461754129572,30126138.167942,65_plus,men,ba_plus,500_999_week,parent,-0.3436705651336794,Q2
65_plus|women|hs|lt_500_week|parent,0.049999999999999996,0.0,49066456.687394,65_plus,women,hs,lt_500_week,parent,-1.1482563523849918,Q1_low
15_24|men|hs|1500plus_week|nonparent,0.09724966014093048,0.09601657225532126,94287669.586121,15_24,men,hs,1500plus_week,nonparent,1.3431175155672728,Q4_high
15_24|men|ba_plus|lt_500_week|nonparent,0.10977791502927257,0.10618733830831611,408278235.71587396,15_24,men,ba_plus,lt_500_week,nonparent,2.0037056922179346,Q4_high
45_54|women|hs|1500plus_week|nonparent,0.05631705621165259,0.010834671096317985,215346022.968197,45_54,women,hs,1500plus_week,nonparent,-0.8151714429664905,Q1_low
35_44|men|lt_hs|1000_1499_week|nonparent,0.06550348846679566,0.03216491383152623,39592035.890362,35_44,men,lt_hs,1000_1499_week,nonparent,-0.3307904507664793,Q2
15_24|men|hs|1500plus_week|parent,0.05910952670314955,0.013043985981638601,40010733.228281,15_24,men,hs,1500plus_week,parent,-0.667930426019647,Q1_low
65_plus|men|some_college|1000_1499_week|nonparent,0.0591301733505566,0.015368392100497135,131883137.973592,65_plus,men,some_college,1000_1499_week,nonparent,-0.6668417723096028,Q1_low
65_plus|women|some_college|500_999_week|parent,0.06231866451869887,0.021593105389637445,16237363.754026,65_plus,women,some_college,500_999_week,parent,-0.4987194291898283,Q2
15_24|women|lt_hs|500_999_week|parent,0.08287759308379303,0.05603115783523506,65477514.546003,15_24,women,lt_hs,500_999_week,parent,0.5853090532881465,Q4_high
35_44|men|hs|1500plus_week|nonparent,0.0553812588882038,0.0022964616739091274,379865278.8163971,35_44,men,hs,1500plus_week,nonparent,-0.8645140412071152,Q1_low
15_24|men|some_college|1000_1499_week|nonparent,0.15104589923555925,0.19640297829347744,186418083.801772,15_24,men,some_college,1000_1499_week,nonparent,4.179678537905046,Q4_high
55_64|women|lt_hs|1000_1499_week|nonparent,0.05708276029120463,0.0,17426435.671285,55_64,women,lt_hs,1000_1499_week,nonparent,-0.7747974989277294,Q1_low
45_54|women|lt_hs|500_999_week|nonparent,0.05463343390077196,0.006216768524941569,232735562.95260397,45_54,women,lt_hs,500_999_week,nonparent,-0.9039452588271436,Q1_low
25_34|women|lt_hs|500_999_week|nonparent,0.09153811002266618,0.039043246567032786,63744220.206559,25_34,women,lt_hs,500_999_week,nonparent,1.0419596518344751,Q4_high
55_64|women|lt_hs|lt_500_week|parent,0.05984571046758903,0.017602474439060378,48111231.286034,55_64,women,lt_hs,lt_500_week,parent,-0.6291130252750765,Q1_low
15_24|women|some_college|1500plus_week|nonparent,0.0528838771272289,0.004647666603108627,46687836.973094,15_24,women,some_college,1500plus_week,nonparent,-0.9961956583665936,Q1_low
25_34|women|hs|1500plus_week|parent,0.06325457477175954,0.005563983758486244,31849363.796011,25_34,women,hs,1500plus_week,parent,-0.44937087641147555,Q2
65_plus|women|lt_hs|lt_500_week|parent,0.050857054583352164,0.001511560111732187,27899886.515564002,65_plus,women,lt_hs,lt_500_week,parent,-1.1030656909917973,Q1_low
15_24|women|hs|1000_1499_week|nonparent,0.07343055555555555,0.048611111111111105,11250474.330662,15_24,women,hs,1000_1499_week,nonparent,0.08718690051044196,Q3
15_24|men|ba_plus|500_999_week|parent,0.05287104813676405,0.0047659704616200066,48345779.011107,15_24,men,ba_plus,500_999_week,parent,-0.9968721036891843,Q1_low
45_54|women|lt_hs|1000_1499_week|parent,0.10997222222222222,0.04861111111111111,4752151.806359,45_54,women,lt_hs,1000_1499_week,parent,2.013951096342028,Q4_high
15_24|men|lt_hs|1000_1499_week|nonparent,0.06480555555555556,0.02777777777777778,27741709.925094,15_24,men,lt_hs,1000_1499_week,nonparent,-0.3675909655524292,Q2
55_64|men|lt_hs|1000_1499_week|parent,0.07683770488930078,0.0,32535235.422089003,55_64,men,lt_hs,1000_1499_week,parent,0.26683862263892744,Q3
65_plus|women|ba_plus|1500plus_week|parent,0.07008333333333334,0.041666666666666664,3880080.149782,65_plus,women,ba_plus,1500plus_week,parent,-0.0893049927603336,Q3
35_44|women|lt_hs|1000_1499_week|nonparent,0.05,0.0,23685917.467753,35_44,women,lt_hs,1000_1499_week,nonparent,-1.1482563523849914,Q1_low
25_34|men|lt_hs|1000_1499_week|nonparent,0.05145454712949966,0.0025165175250859164,37762594.212706,25_34,men,lt_hs,1000_1499_week,nonparent,-1.0715611825714577,Q1_low
65_plus|men|ba_plus|1000_1499_week|parent,0.05093439390345102,0.0,4455542.751403,65_plus,men,ba_plus,1000_1499_week,parent,-1.0989877534895005,Q1_low
15_24|men|ba_plus|lt_500_week|parent,0.05120899747181348,0.0,31562820.767615,15_24,men,ba_plus,lt_500_week,parent,-1.0845084926392823,Q1_low
65_plus|men|lt_hs|500_999_week|parent,0.049999999999999996,0.0,15503910.128973,65_plus,men,lt_hs,500_999_week,parent,-1.1482563523849918,Q1_low
65_plus|women|lt_hs|1000_1499_week|nonparent,0.05265625000000001,0.0,8461339.277026,65_plus,women,lt_hs,1000_1499_week,nonparent,-1.008197951604759,Q1_low
35_44|men|lt_hs|1500plus_week|nonparent,0.06404861111111111,0.024305555555555552,10021529.23389,35_44,men,lt_hs,1500plus_week,nonparent,-0.4075030327028747,Q2
65_plus|men|some_college|1000_1499_week|parent,0.049999999999999996,0.0,15953637.586539,65_plus,men,some_college,1000_1499_week,parent,-1.1482563523849918,Q1_low
15_24|men|some_college|1500plus_week|parent,0.057776643495565785,0.01419095528387918,34164347.947934,15_24,men,some_college,1500plus_week,parent,-0.7382105165536735,Q1_low
65_plus|women|hs|500_999_week|parent,0.07932834191932558,0.03698063298870685,22031020.427704,65_plus,women,hs,500_999_week,parent,0.3981646045116056,Q4_high
15_24|women|ba_plus|500_999_week|parent,0.05882964153941096,0.01577068346795943,41781710.356522,15_24,women,ba_plus,500_999_week,parent,-0.6826881741364808,Q1_low
65_plus|women|hs|1500plus_week|parent,0.07125,0.0,1976743.982309,65_plus,women,hs,1500plus_week,parent,-0.02778914614313451,Q3
25_34|women|lt_hs|1500plus_week|nonparent,0.049999999999999996,0.0,56500927.900674,25_34,women,lt_hs,1500plus_week,nonparent,-1.1482563523849918,Q1_low
15_24|men|some_college|1500plus_week|nonparent,0.061950569199874204,0.021119783955478987,32995203.558904998,15_24,men,some_college,1500plus_week,nonparent,-0.5181283107669662,Q2
35_44|women|lt_hs|1000_1499_week|parent,0.060625,0.0,10016065.868775,35_44,women,lt_hs,1000_1499_week,parent,-0.588022749264063,Q2
55_64|men|lt_hs|1500plus_week|parent,0.05417722921746207,0.0,74334747.64425099,55_64,men,lt_hs,1500plus_week,parent,-0.9279999593910345,Q1_low
15_24|men|some_college|1000_1499_week|parent,0.04999999999999999,0.0,16256298.97979,15_24,men,some_college,1000_1499_week,parent,-1.148256352384992,Q1_low
65_plus|women|lt_hs|500_999_week|nonparent,0.07200437277163957,0.028228829726285543,16409554.411177,65_plus,women,lt_hs,500_999_week,nonparent,0.011987322181755893,Q3
65_plus|men|hs|lt_500_week|parent,0.05000000000000001,0.0,3402391.508436,65_plus,men,hs,lt_500_week,parent,-1.148256352384991,Q1_low
15_24|men|ba_plus|1500plus_week|parent,0.13376041666666666,0.07291666666666667,13068897.956483,15_24,men,ba_plus,1500plus_week,parent,3.2682518855516625,Q4_high
15_24|men|ba_plus|1000_1499_week|parent,0.11362112543740568,0.11936421282815324,22260543.098065,15_24,men,ba_plus,1000_1499_week,parent,2.206349985347371,Q4_high
65_plus|men|lt_hs|1500plus_week|nonparent,0.05,0.0,14874358.691663,65_plus,men,lt_hs,1500plus_week,nonparent,-1.1482563523849914,Q1_low
45_54|women|lt_hs|1000_1499_week|nonparent,0.05106478541395837,0.0,29765823.528217003,45_54,women,lt_hs,1000_1499_week,nonparent,-1.0921124870661674,Q1_low
15_24|women|ba_plus|1000_1499_week|parent,0.08655208333333334,0.0625,13869137.008065,15_24,women,ba_plus,1000_1499_week,parent,0.7790570920771053,Q4_high
15_24|women|some_college|1500plus_week|parent,0.15290277777777778,0.2013888888888889,20433695.074216,15_24,women,some_college,1500plus_week,parent,4.277587785553519,Q4_high
25_34|women|hs|1500plus_week|nonparent,0.07946044944549022,0.047554568191119855,79185349.319483,25_34,women,hs,1500plus_week,nonparent,0.40513035278290954,Q4_high
