activity_code,activity_text,ai_exposure_score,ai_exposure_score_z,automation_score,augmentation_score,participation_rate_unweighted_pp_post,participation_rate_unweighted_pp_pre,participation_rate_weighted_pp_post,participation_rate_weighted_pp_pre,positive_respondents_post,positive_respondents_pre,respondents_total_post,respondents_total_pre,weighted_participation_change_pp,unweighted_participation_change_pp
010101,Sleeping,0.05,-0.4785288964455661,0.05,0.05,99.86978948178353,99.82834607464602,99.88550195791439,99.86595044126658,8098.0,9278.8,8108.5,9294.8,0.019551516647808853,0.04144340713750694
010102,Sleeplessness,0.05,-0.4785288964455661,0.05,0.05,5.471387733940055,6.838030593441158,5.629366113854481,6.763778849987986,445.0,640.6,8108.5,9294.8,-1.1344127361335055,-1.3666428595011029
010199,"Sleeping, n.e.c.*",0.05,-0.4785288964455661,0.05,0.05,0.0,0.0020848535390380002,0.0,0.004332078466656,0.0,0.2,8108.5,9294.8,-0.004332078466656,-0.0020848535390380002
010201,"Washing, dressing and grooming oneself",0.05,-0.4785288964455661,0.05,0.05,74.98292568644904,76.91909808328971,78.1953854163053,79.3401748078056,6079.5,7155.2,8108.5,9294.8,-1.1447893915002965,-1.936172396840675
010299,"Grooming, n.e.c.*",0.05,-0.4785288964455661,0.05,0.05,0.03643679562926,0.069663789665694,0.03282273916968,0.063968105184344,3.0,6.4,8108.5,9294.8,-0.031145366014663993,-0.033226994036434004
010301,Health-related self care,0.05,-0.4785288964455661,0.05,0.05,8.317616157960021,7.675853036833447,6.647496863836605,6.602746233926804,675.0,712.2,8108.5,9294.8,0.044750629909801276,0.6417631211265737
010399,"Self care, n.e.c.*",0.05,-0.4785288964455661,0.05,0.05,0.06836513653684001,0.16705919007338002,0.051312005604095004,0.140369890061798,5.5,16.0,8108.5,9294.8,-0.089057884457703,-0.09869405353654001
010401,Personal/Private activities,0.05,-0.4785288964455661,0.05,0.05,0.217464485946465,0.488819363261028,0.256295282140255,0.454856475366448,17.5,46.6,8108.5,9294.8,-0.19856119322619303,-0.271354877314563
010499,"Personal activities, n.e.c.*",0.05,-0.4785288964455661,0.05,0.05,0.017547964436125,0.02445917697126182,0.013706229538024998,0.02383846600881435,1.5,2.2,8108.5,9294.8,-0.010132236470789353,-0.00691121253513682
010501,Personal emergencies,0.05,-0.4785288964455661,0.05,0.05,0.006519754857215,0.012531646734389817,0.004406651076628438,0.006496837955433064,0.5,1.2,8108.5,9294.8,-0.0020901868788046262,-0.006011891877174816
010599,"Personal care emergencies, n.e.c.*",0.05,-0.4785288964455661,0.05,0.05,0.0,0.0,0.0,0.0,0.0,0.0,8108.5,9294.8,0.0,0.0
019999,"Personal care, n.e.c.*",0.05,-0.4785288964455661,0.05,0.05,0.01236907633592,0.0045779772484599995,0.0063005617472554525,0.0028138034724859333,1.0,0.4,8108.5,9294.8,0.003486758274769519,0.00779109908746
020101,Interior cleaning,0.05,-0.4785288964455661,0.05,0.05,27.205312419513668,25.93878483061929,24.809295659972257,23.03526365844546,2203.5,2409.6,8108.5,9294.8,1.7740320015267983,1.2665275888943768
020102,Laundry,0.05,-0.4785288964455661,0.05,0.05,18.066508425067024,18.39929723533163,15.305504317132176,15.996819900270854,1466.5,1711.4,8108.5,9294.8,-0.6913155831386781,-0.3327888102646064
020103,"Sewing, repairing, & maintaining textiles",0.05,-0.4785288964455661,0.05,0.05,1.3423799991371999,1.10089799732014,1.081699978359545,0.8831751015928819,108.5,102.2,8108.5,9294.8,0.19852487676666297,0.2414820018170598
020104,"Storing interior hh items, inc. food",0.05,-0.4785288964455661,0.05,0.05,7.49193893482277,6.9009669405667555,6.2778550101853,6.050203549044339,607.0,641.2,8108.5,9294.8,0.2276514611409617,0.5909719942560141
020199,"Housework, n.e.c.*",0.05,-0.4785288964455661,0.05,0.05,0.134233118487525,0.13840818817152,0.0928469738236,0.09964365344583201,10.5,12.8,8108.5,9294.8,-0.006796679622232016,-0.004175069683995003
020201,Food and drink preparation,0.05,-0.4785288964455661,0.05,0.05,62.20295835173275,59.02186008358042,59.04245751788551,55.86460640494427,5037.5,5476.8,8108.5,9294.8,3.177851112941241,3.1810982681523257
020202,Food presentation,0.05,-0.4785288964455661,0.05,0.05,1.673294168837425,1.8575319621492419,1.57175318127614,1.933684963256254,136.5,173.6,8108.5,9294.8,-0.361931781980114,-0.1842377933118169
020203,Kitchen and food clean-up,0.05,-0.4785288964455661,0.05,0.05,25.267322152711387,24.804793780908277,22.45365748226351,22.968793509918207,2048.5,2302.6,8108.5,9294.8,-0.5151360276546981,0.4625283718031099
020299,"Food & drink prep, presentation, & clean-up, n.e.c.*",0.05,-0.4785288964455661,0.05,0.05,0.011698642957415,0.008117366134028001,0.011663896763285001,0.010270591660544448,1.0,0.8,8108.5,9294.8,0.0013933051027405531,0.0035812768233869988
020301,"Interior arrangement, decoration, & repairs",0.05,-0.4785288964455661,0.05,0.05,2.21119835168881,2.219209079993818,1.8057712513402202,1.869242567838072,179.5,206.0,8108.5,9294.8,-0.06347131649785176,-0.00801072830500793
020302,Building and repairing furniture,0.05,-0.4785288964455661,0.05,0.05,0.24354350537532998,0.26733434648867005,0.201242793936665,0.24759319063911,19.5,24.8,8108.5,9294.8,-0.04635039670244501,-0.023790841113340067
020303,Heating and cooling,0.05,-0.4785288964455661,0.05,0.05,0.7245966157194199,0.819391783076656,0.5572255808178149,0.724278221813892,58.5,76.0,8108.5,9294.8,-0.16705264099607708,-0.09479516735723614
020399,"Interior maintenance, repair, & decoration, n.e.c.*",0.05,-0.4785288964455661,0.05,0.05,0.029246607393540004,0.04693608206999,0.026721761918315,0.040254324082046,2.5,4.4,8108.5,9294.8,-0.013532562163731002,-0.017689474676449993
020401,Exterior cleaning,0.05,-0.4785288964455661,0.05,0.05,2.025477627722055,2.199370090865202,1.55746279512514,1.876062506431278,165.0,204.2,8108.5,9294.8,-0.31859971130613784,-0.17389246314314688
020402,"Exterior repair, improvements, & decoration",0.05,-0.4785288964455661,0.05,0.05,1.0531982097613448,0.9906096445427061,0.87893276368538,0.8539993503443821,85.5,92.6,8108.5,9294.8,0.024933413340997856,0.06258856521863876
020499,"Exterior maintenance, repair & decoration, n.e.c.*",0.05,-0.4785288964455661,0.05,0.05,0.07287359125853,0.07309752610418,0.06366075368315499,0.05779684416353,6.0,6.8,8108.5,9294.8,0.005863909519624989,-0.00022393484564998956
020501,"Lawn, garden, and houseplant care",0.05,-0.4785288964455661,0.05,0.05,11.914034362677636,10.375239832831578,9.21559855557355,9.022273738787685,965.0,960.8,8108.5,9294.8,0.19332481678586433,1.538794529846058
020502,"Ponds, pools, and hot tubs",0.05,-0.4785288964455661,0.05,0.05,0.42237531662912997,0.315545935347056,0.290957852677355,0.31237911488813597,34.5,29.6,8108.5,9294.8,-0.021421262210780945,0.10682938128207398
020599,"Lawn and garden, n.e.c.*",0.05,-0.4785288964455661,0.05,0.05,0.031257907529065,0.012065025189984,0.023150109923679836,0.013317547348632,2.5,1.2,8108.5,9294.8,0.009832562575047835,0.019192882339081
020681,Care for animals and pets (not veterinary care),0.05,-0.4785288964455661,0.05,0.05,21.708011177001545,18.320590223957453,20.219109124175965,18.48330220719229,1761.5,1694.0,8108.5,9294.8,1.7358069169836767,3.387420953044092
020699,"Pet and animal care, n.e.c.*",0.05,-0.4785288964455661,0.05,0.05,0.09243285583018501,0.133896109210524,0.088283441282895,0.12365145920814599,7.5,12.2,8108.5,9294.8,-0.03536801792525099,-0.04146325338033899
020701,Vehicle repair and maintenance (by self),0.05,-0.4785288964455661,0.05,0.05,2.2912621311830748,2.489320157175306,1.977468106675875,2.2186303257785616,186.0,231.0,8108.5,9294.8,-0.24116221910268654,-0.1980580259922311
020799,"Vehicles, n.e.c.*",0.05,-0.4785288964455661,0.05,0.05,0.044297417243500004,0.037595242910296,0.040030898989415004,0.04204869514296537,3.5,3.6,8108.5,9294.8,-0.002017796153550369,0.006702174333204004
020801,"Appliance, tool, and toy set-up, repair, & maintenance (by self)",0.05,-0.4785288964455661,0.05,0.05,1.489468048411295,1.55802580686422,1.22959180055288,1.313814359987836,120.5,144.8,8108.5,9294.8,-0.08422255943495593,-0.06855775845292511
020899,"Appliances and tools, n.e.c.*",0.05,-0.4785288964455661,0.05,0.05,0.01236907633592,0.085773612533702,0.01768366129051,0.098541623852132,1.0,8.4,8108.5,9294.8,-0.080857962561622,-0.073404536197782
020901,Financial management,0.705,3.274522919391786,0.65,0.75,3.2605585401069845,3.50197941343941,2.55012408229514,3.0919017268038482,264.5,325.4,8108.5,9294.8,-0.5417776445087084,-0.24142087333242568
020902,Household & personal organization and planning,0.628,2.833324461652128,0.6,0.65,15.678809905853761,15.946335613095437,14.17443176844473,15.11650844296887,1267.5,1484.6,8108.5,9294.8,-0.9420766745241398,-0.2675257072416759
020903,HH & personal mail & messages (except e-mail),0.628,2.833324461652128,0.6,0.65,4.471202575342826,5.247766114029388,3.590941762870985,4.61820585597956,363.0,490.0,8108.5,9294.8,-1.0272640931085748,-0.7765635386865624
020904,HH & personal e-mail and messages,0.628,2.833324461652128,0.6,0.65,5.6448072639038696,5.294716818771128,4.55276049946049,4.927759452780895,456.5,491.2,8108.5,9294.8,-0.37499895332040545,0.3500904451327411
020905,Home security,0.628,2.833324461652128,0.6,0.65,1.13844087735581,1.321477288467682,0.877492020738845,1.22534788972556,92.5,123.2,8108.5,9294.8,-0.34785586898671506,-0.18303641111187208
020999,"Household management, n.e.c.*",0.628,2.833324461652128,0.6,0.65,0.031928340907570005,0.041612425832348,0.023424462848457603,0.034760205834412,2.5,4.0,8108.5,9294.8,-0.011335742985954397,-0.009684084924777993
029999,"Household activities, n.e.c.*",0.05,-0.4785288964455661,0.05,0.05,0.10547236554462,0.206218775729374,0.076983118546815,0.21784828371302,8.5,19.6,8108.5,9294.8,-0.140865165166205,-0.100746410184754
030101,Physical care for hh children,0.05,-0.4785288964455661,0.05,0.05,11.83165800752508,15.376646663690797,12.246236290160615,12.993850009171046,957.5,1439.8,8108.5,9294.8,-0.747613719010431,-3.5449886561657173
030102,Reading to/with hh children,0.05,-0.4785288964455661,0.05,0.05,2.265367690682075,3.418167317580648,2.009744089194915,2.625621244644488,183.5,319.4,8108.5,9294.8,-0.615877155449573,-1.152799626898573
030103,"Playing with hh children, not sports",0.05,-0.4785288964455661,0.05,0.05,4.751552034203176,6.161058563651197,4.8398114520443904,5.064216052147733,384.5,575.0,8108.5,9294.8,-0.22440460010334284,-1.4095065294480218
030104,Arts and crafts with hh children,0.05,-0.4785288964455661,0.05,0.05,0.19004459976057497,0.18083498107045598,0.23294430828747,0.121438460012622,15.5,17.0,8108.5,9294.8,0.11150584827484801,0.009209618690118992
030105,Playing sports with hh children,0.05,-0.4785288964455661,0.05,0.05,0.359373647120355,0.43204708212709,0.361287416179615,0.332491754028588,29.0,40.0,8108.5,9294.8,0.028795662151027024,-0.07267343500673495
030108,Organization & planning for hh children,0.05,-0.4785288964455661,0.05,0.05,1.0115825260318752,1.112093924445734,1.10939180478925,0.944570001600494,82.0,104.4,8108.5,9294.8,0.16482180318875594,-0.10051139841385881
030109,Looking after hh children (as a primary activity),0.05,-0.4785288964455661,0.05,0.05,1.508842734055075,2.514495724794228,1.451298735994065,2.075160998717582,122.5,238.6,8108.5,9294.8,-0.6238622627235169,-1.005652990739153
030110,Attending hh children's events,0.05,-0.4785288964455661,0.05,0.05,1.2790091717726848,1.44786197077007,1.349938537982025,1.0952760157089059,104.0,135.6,8108.5,9294.8,0.25466252227311914,-0.16885279899738515
030111,Waiting for/with hh children,0.05,-0.4785288964455661,0.05,0.05,1.17506225191295,1.842104470174218,1.591887881273685,1.9757349834515943,95.0,172.4,8108.5,9294.8,-0.3838471021779093,-0.6670422182612679
030112,Picking up/dropping off hh children,0.05,-0.4785288964455661,0.05,0.05,5.3021265689132555,6.980524349427007,6.962779522160815,7.289465869034967,429.5,655.2,8108.5,9294.8,-0.3266863468741521,-1.6783977805137518
030186,Talking with/listening to hh children,0.05,-0.4785288964455661,0.05,0.05,1.8075272873249548,2.8196105832326976,2.0343952543308,2.574626088796466,147.0,264.8,8108.5,9294.8,-0.5402308344656661,-1.0120832959077428
030199,"Caring for & helping hh children, n.e.c.*",0.05,-0.4785288964455661,0.05,0.05,0.148428916031105,0.18520839917709,0.182124515415445,0.143809423882572,12.0,17.4,8108.5,9294.8,0.03831509153287299,-0.036779483145985004
030201,Homework (hh children),0.733,3.4349587222062072,0.65,0.8,1.422745054154235,2.219790259863244,1.69731095234061,2.3096876459694218,116.0,209.2,8108.5,9294.8,-0.6123766936288118,-0.7970452057090089
030202,Meetings and school conferences (hh children),0.598,2.6614289586366766,0.35,0.8,0.07421445801555,0.20158075305526202,0.10588693146052999,0.223164559759886,6.0,19.2,8108.5,9294.8,-0.11727762829935601,-0.12736629503971203
030203,Home schooling of hh children,0.598,2.6614289586366766,0.35,0.8,0.15561910426683,0.25114006704693803,0.18180209302863498,0.254666240321452,12.5,23.0,8108.5,9294.8,-0.07286414729281704,-0.09552096278010802
030204,Waiting associated with hh children's education,0.598,2.6614289586366766,0.35,0.8,0.0,0.023760066983896,0.0,0.03855314227992,0.0,2.2,8108.5,9294.8,-0.03855314227992,-0.023760066983896
030299,"Activities related to hh child's education, n.e.c.*",0.598,2.6614289586366766,0.35,0.8,0.06702426977982001,0.083915855474684,0.05228531074539,0.06839210387104601,5.5,7.8,8108.5,9294.8,-0.016106793125656008,-0.016891585694863986
030301,Providing medical care to hh children,0.05,-0.4785288964455661,0.05,0.05,0.31641709663386497,0.518342880424336,0.26480992277277504,0.43644002585483593,25.5,48.4,8108.5,9294.8,-0.1716301030820609,-0.201925783790471
030302,Obtaining medical care for hh children,0.05,-0.4785288964455661,0.05,0.05,0.331953760934465,0.28291930584464803,0.45849055260499,0.319495163312406,27.0,26.2,8108.5,9294.8,0.13899538929258398,0.049034455089816964
030303,Waiting associated with hh children's health,0.05,-0.4785288964455661,0.05,0.05,0.16865861398126503,0.15228379276164,0.23029030357443497,0.14341751595556,13.5,14.2,8108.5,9294.8,0.08687278761887499,0.016374821219625024
030399,"Activities related to hh child's health, n.e.c.*",0.05,-0.4785288964455661,0.05,0.05,0.006519754857215,0.025857308309389815,0.011817318925115,0.026418375288847197,0.5,2.4,8108.5,9294.8,-0.014601056363732197,-0.019337553452174815
030401,Physical care for hh adults,0.05,-0.4785288964455661,0.05,0.05,1.3923421589315401,1.2956766913397,1.32010613543185,1.5345042721027577,113.0,120.8,8108.5,9294.8,-0.2143981366709078,0.09666546759184014
030402,Looking after hh adult (as a primary activity),0.05,-0.4785288964455661,0.05,0.05,0.165306447088725,0.154379999308762,0.16290845574104998,0.17458643208462202,13.5,14.4,8108.5,9294.8,-0.011677976343572039,0.010926447779962989
030403,Providing medical care to hh adult,0.05,-0.4785288964455661,0.05,0.05,0.6209509713824499,0.497621004979692,0.51802626007402,0.629080007531224,50.5,46.4,8108.5,9294.8,-0.11105374745720398,0.1233299664027579
030404,Obtaining medical and care services for hh adult,0.05,-0.4785288964455661,0.05,0.05,0.31123820853367,0.194692391627926,0.313986156121085,0.292241713402858,25.0,18.0,8108.5,9294.8,0.02174444271822701,0.116545816905744
030405,Waiting associated with caring for household adults,0.05,-0.4785288964455661,0.05,0.05,0.19004459976057497,0.167765169227264,0.18852741323601002,0.230677754265416,15.5,15.6,8108.5,9294.8,-0.042150341029405985,0.022279430533310968
030499,"Caring for household adults, n.e.c.*",0.05,-0.4785288964455661,0.05,0.05,0.06251581505813,0.05183395631740399,0.055948268651565,0.07085299690939799,5.0,4.6,8108.5,9294.8,-0.01490472825783299,0.01068185874072601
030501,Helping hh adults,0.05,-0.4785288964455661,0.05,0.05,0.241532205239805,0.21036866827892,0.32728252860086504,0.276296525913598,19.5,19.4,8108.5,9294.8,0.05098600268726705,0.031163536960885002
030502,Organization & planning for hh adults,0.05,-0.4785288964455661,0.05,0.05,0.19339676665312,0.162383215474612,0.219174300885905,0.196632992271944,15.5,15.2,8108.5,9294.8,0.022541308613961003,0.031013551178507986
030503,Picking up/dropping off hh adult,0.05,-0.4785288964455661,0.05,0.05,1.408063402160015,1.46591365654362,1.73258325872165,1.8340145429074142,114.0,137.4,8108.5,9294.8,-0.10143128418576408,-0.057850254383605026
030504,Waiting associated with helping hh adults,0.05,-0.4785288964455661,0.05,0.05,0.9888556734955549,1.2311332809019961,1.1322058226595,1.529106770247306,80.0,116.0,8108.5,9294.8,-0.39690094758780603,-0.24227760740644122
030599,"Helping household adults, n.e.c.*",0.05,-0.4785288964455661,0.05,0.05,0.08457223421594501,0.061636314704592,0.115574382178735,0.07396434007879801,7.0,5.8,8108.5,9294.8,0.04161004209993699,0.022935919511353008
039999,"Caring for & helping hh members, n.e.c.*",0.05,-0.4785288964455661,0.05,0.05,0.01821839781463,0.010656453431024,0.01735194022352,0.009312845382373999,1.5,1.0,8108.5,9294.8,0.008039094841146002,0.007561944383606
040101,Physical care for nonhh children,0.05,-0.4785288964455661,0.05,0.05,0.932189179916125,0.975089051930226,0.881199689930925,0.900021471305714,75.5,90.6,8108.5,9294.8,-0.01882178137478896,-0.04289987201410095
040102,Reading to/with nonhh children,0.05,-0.4785288964455661,0.05,0.05,0.143250027930905,0.180427938032486,0.11377665072735998,0.146718558020316,11.5,16.6,8108.5,9294.8,-0.03294190729295601,-0.037177910101581
040103,"Playing with nonhh children, not sports",0.05,-0.4785288964455661,0.05,0.05,1.09950692714038,1.202048914056898,0.898139229154105,1.121139473624934,89.0,112.0,8108.5,9294.8,-0.223000244470829,-0.10254198691651806
040104,Arts and crafts with nonhh children,0.05,-0.4785288964455661,0.05,0.05,0.04813543858668,0.054533796138916,0.036538228153115,0.045903045949492,4.0,5.0,8108.5,9294.8,-0.009364817796377004,-0.006398357552236
040105,Playing sports with nonhh children,0.05,-0.4785288964455661,0.05,0.05,0.070862291123005,0.058549641575478,0.0508371062796552,0.05802174677042153,6.0,5.4,8108.5,9294.8,-0.0071846404907663294,0.012312649547527005
040108,Organization & planning for nonhh children,0.05,-0.4785288964455661,0.05,0.05,0.102120198652075,0.127356354053354,0.09240200231995001,0.091693285222504,8.5,12.0,8108.5,9294.8,0.0007087170974460072,-0.025236155401278992
040109,Looking after nonhh children (as primary activity),0.05,-0.4785288964455661,0.05,0.05,0.430235938243365,0.626839325368468,0.340959035447295,0.5609955547235981,35.0,58.6,8108.5,9294.8,-0.22003651927630308,-0.196603387125103
040110,Attending nonhh children's events,0.05,-0.4785288964455661,0.05,0.05,0.43474439296505507,0.29585258071453197,0.30860435496492,0.22163903437487198,35.5,27.2,8108.5,9294.8,0.08696532059004802,0.1388918122505231
040111,Waiting for/with nonhh children,0.05,-0.4785288964455661,0.05,0.05,0.327445306212775,0.317950812542048,0.35964812583693495,0.379175495918198,26.5,29.6,8108.5,9294.8,-0.01952737008126304,0.009494493670727022
040112,Dropping off/picking up nonhh children,0.05,-0.4785288964455661,0.05,0.05,1.195593225385875,1.480028505483872,1.204336582820145,1.460737232314468,97.5,138.4,8108.5,9294.8,-0.25640064949432295,-0.284435280097997
040186,Talking with/listening to nonhh children,0.05,-0.4785288964455661,0.05,0.05,0.45296279077969004,0.360779715576546,0.39738798985117,0.295404272248574,37.0,34.0,8108.5,9294.8,0.101983717602596,0.09218307520314406
040199,"Caring for and helping nonhh children, n.e.c.*",0.05,-0.4785288964455661,0.05,0.05,0.07939334611575,0.072353151045972,0.054668936222255,0.06639645290963185,6.5,6.6,8108.5,9294.8,-0.01172751668737685,0.007040195069778002
040201,Homework (nonhh children),0.05,-0.4785288964455661,0.05,0.05,0.05532562682240501,0.107439455113682,0.060757406533575,0.127024811143192,4.5,10.2,8108.5,9294.8,-0.066267404609617,-0.05211382829127699
040202,Meetings and school conferences (nonhh children),0.05,-0.4785288964455661,0.05,0.05,0.005849321478705,0.008619203672169819,0.005298324301585,0.02152809442396742,0.5,0.8,8108.5,9294.8,-0.01622977012238242,-0.0027698821934648184
040203,Home schooling of nonhh children,0.05,-0.4785288964455661,0.05,0.05,0.01236907633592,0.013102276067385819,0.01143680030215,0.01901294105104983,1.0,1.2,8108.5,9294.8,-0.00757614074889983,-0.0007331997314658188
040204,Waiting associated with nonhh children's education,0.05,-0.4785288964455661,0.05,0.05,0.0,0.0,0.0,0.0,0.0,0.0,8108.5,9294.8,0.0,0.0
040299,"Activities related to nonhh child's educ., n.e.c.*",0.05,-0.4785288964455661,0.05,0.05,0.01821839781463,0.008957647269333818,0.00830713361887563,0.006656408707734795,1.5,0.8,8108.5,9294.8,0.0016507249111408356,0.009260750545296181
040301,Providing medical care to nonhh children,0.05,-0.4785288964455661,0.05,0.05,0.024738152671845003,0.025436953059678004,0.027433587140435,0.017841616536200013,2.0,2.4,8108.5,9294.8,0.009591970604234987,-0.0006988003878330012
040302,Obtaining medical care for nonhh children,0.05,-0.4785288964455661,0.05,0.05,0.006519754857215,0.01303348427253,0.0030928174394698146,0.013134028174761647,0.5,1.2,8108.5,9294.8,-0.010041210735291833,-0.006513729415315
040303,Waiting associated with nonhh children's health,0.05,-0.4785288964455661,0.05,0.05,0.006519754857215,0.006627917500888,0.0038822351725674806,0.005435041724242978,0.5,0.6,8108.5,9294.8,-0.0015528065516754973,-0.00010816264367299964
040399,"Activities related to nonhh child's health, n.e.c.*",0.05,-0.4785288964455661,0.05,0.05,0.0,0.006160993249357818,0.0,0.0034060234786212605,0.0,0.6,8108.5,9294.8,-0.0034060234786212605,-0.006160993249357818
040401,Physical care for nonhh adults,0.05,-0.4785288964455661,0.05,0.05,0.385452666549225,0.42345322283364606,0.3190132282527,0.38369362916178196,31.0,39.8,8108.5,9294.8,-0.06468040090908195,-0.03800055628442106
040402,Looking after nonhh adult (as a primary activity),0.05,-0.4785288964455661,0.05,0.05,0.114489274988,0.11071542117163999,0.09189222362966501,0.08775431135914599,9.5,10.4,8108.5,9294.8,0.0041379122705190174,0.003773853816360015
040403,Providing medical care to nonhh adult,0.05,-0.4785288964455661,0.05,0.05,0.143250027930905,0.205146558929414,0.17305700836042998,0.196895755994066,11.5,19.2,8108.5,9294.8,-0.023838747633636026,-0.061896530998509
040404,Obtaining medical and care services for nonhh adult,0.05,-0.4785288964455661,0.05,0.05,0.19589392123928498,0.14483922456690798,0.19304817183901002,0.171064424835218,16.0,13.2,8108.5,9294.8,0.02198374700379202,0.051054696672377
040405,Waiting associated with caring for nonhh adults,0.05,-0.4785288964455661,0.05,0.05,0.13605983969517998,0.125912688491772,0.123567965734855,0.133234709467704,11.0,11.8,8108.5,9294.8,-0.009666743732848995,0.010147151203407978
040499,"Caring for nonhh adults, n.e.c.*",0.05,-0.4785288964455661,0.05,0.05,0.050817172100715,0.042207098667001994,0.04312287901136,0.041665544947774,4.0,4.0,8108.5,9294.8,0.0014573340635860021,0.008610073433713006
040501,"Housework, cooking, & shopping assistance for nonhh adults",0.05,-0.4785288964455661,0.05,0.05,0.74933476839127,0.8704919637451379,0.608621136382525,0.7244689096243541,60.5,81.0,8108.5,9294.8,-0.11584777324182904,-0.12115719535386793
040502,House & lawn maintenance & repair assistance for nonhh adults,0.05,-0.4785288964455661,0.05,0.05,0.78808413967883,0.683943017755112,0.609433925042155,0.565046534894616,64.5,63.6,8108.5,9294.8,0.04438739014753901,0.10414112192371794
040503,Animal & pet care assistance for nonhh adults,0.05,-0.4785288964455661,0.05,0.05,0.47136576752219006,0.37460792504444995,0.46204975807925996,0.35801713863069595,38.0,34.6,8108.5,9294.8,0.10403261944856401,0.09675784247774011
040504,Vehicle & appliance maintenance/repair assistance for nonhh adults,0.05,-0.4785288964455661,0.05,0.05,0.23818003834725998,0.262709892117802,0.22160433672920998,0.252098312198456,19.5,24.6,8108.5,9294.8,-0.030493975469246037,-0.02452985377054201
040505,Financial management assistance for nonhh adults,0.05,-0.4785288964455661,0.05,0.05,0.09828217730889499,0.12499806216410399,0.07643936375864,0.09358479507032,8.0,11.6,8108.5,9294.8,-0.017145431311680004,-0.026715884855208996
040506,Household management & paperwork assistance for nonhh adults,0.05,-0.4785288964455661,0.05,0.05,0.628627014068815,0.783161915188134,0.5224427417086049,0.680405800639738,51.5,72.8,8108.5,9294.8,-0.15796305893113305,-0.154534901119319
040507,Picking up/dropping off nonhh adult,0.05,-0.4785288964455661,0.05,0.05,2.7365488792764054,3.380364657784304,2.6980243496305647,3.2608683718548477,222.0,317.8,8108.5,9294.8,-0.562844022224283,-0.6438157785078986
040508,Waiting associated with helping nonhh adults,0.05,-0.4785288964455661,0.05,0.05,0.756524956627,1.2034227823227979,0.773054197719015,1.145423444793694,61.0,113.6,8108.5,9294.8,-0.372369247074679,-0.44689782569579783
040599,"Helping nonhh adults, n.e.c.*",0.05,-0.4785288964455661,0.05,0.05,0.147088049274085,0.304921504938068,0.10494957559337499,0.26192005022311,12.0,28.8,8108.5,9294.8,-0.156970474629735,-0.15783345566398302
049999,"Caring for & helping nonhh members, n.e.c.*",0.05,-0.4785288964455661,0.05,0.05,0.01821839781463,0.01452293290567,0.012279942324135,0.01850465450871698,1.5,1.4,8108.5,9294.8,-0.00622471218458198,0.00369546490896
050101,"Work, main job",0.05,-0.4785288964455661,0.05,0.05,31.189292219439878,33.7222853675391,41.10685054709808,41.6415059180856,2531.5,3137.6,8108.5,9294.8,-0.5346553709875224,-2.532993148099223
050102,"Work, other job(s)",0.05,-0.4785288964455661,0.05,0.05,1.725150932172395,1.9238878164514979,1.889967041168355,1.9863217683796122,139.5,179.4,8108.5,9294.8,-0.09635472721125726,-0.19873688427910285
050103,Security procedures related to work,0.05,-0.4785288964455661,0.05,0.05,0.017547964436125,0.042148141878733995,0.05475293212685,0.037973674168767374,1.5,4.0,8108.5,9294.8,0.016779257958082626,-0.024600177442608995
050189,"Working, n.e.c.*",0.05,-0.4785288964455661,0.05,0.05,0.783089830506505,0.79673479170188,1.214646405658275,1.195866134608616,63.5,73.8,8108.5,9294.8,0.01878027104965918,-0.01364496119537495
050201,"Socializing, relaxing, and leisure as part of job",0.05,-0.4785288964455661,0.05,0.05,0.081404646251275,0.029897499954733998,0.081123212134495,0.03135343591325,6.5,2.8,8108.5,9294.8,0.049769776221244996,0.051507146296541004
050202,Eating and drinking as part of job,0.05,-0.4785288964455661,0.05,0.05,0.01821839781463,0.025355470771248,0.02297515101144,0.03104112716429,1.5,2.4,8108.5,9294.8,-0.008065976152849999,-0.007137072956618001
050203,Sports and exercise as part of job,0.05,-0.4785288964455661,0.05,0.05,0.006519754857215,0.003912745769342,0.003615505392001917,0.004382902052166,0.5,0.4,8108.5,9294.8,-0.0007673966601640832,0.002607009087873
050204,Security procedures as part of job,0.05,-0.4785288964455661,0.05,0.05,0.005849321478705,0.0022009464069539996,0.006095878319715,0.002145247371452,0.5,0.2,8108.5,9294.8,0.0039506309482629995,0.0036483750717510007
050289,"Work-related activities, n.e.c.*",0.05,-0.4785288964455661,0.05,0.05,0.024738152671845003,0.033382945732351815,0.040926031047245,0.042168568305321744,2.0,3.0,8108.5,9294.8,-0.0012425372580767424,-0.008644793060506813
050301,"Income-generating hobbies, crafts, and food",0.05,-0.4785288964455661,0.05,0.05,0.10346106540909,0.130514831433004,0.11746448475112001,0.143672487802354,8.5,12.2,8108.5,9294.8,-0.026208003051233997,-0.02705376602391399
050302,Income-generating performances,0.05,-0.4785288964455661,0.05,0.05,0.006519754857215,0.013325661574998,0.005318732325955,0.019550647649866,0.5,1.2,8108.5,9294.8,-0.014231915323911,-0.006805906717782999
050303,Income-generating services,0.05,-0.4785288964455661,0.05,0.05,0.26023645750507496,0.22964711070617,0.33175113373389997,0.280344684663622,21.5,21.6,8108.5,9294.8,0.05140644907027797,0.03058934679890496
050304,Income-generating rental property activities,0.05,-0.4785288964455661,0.05,0.05,0.03643679562926,0.035894616039982,0.029876397015565,0.0379964483675239,3.0,3.4,8108.5,9294.8,-0.008120051351958903,0.0005421795892779982
050389,"Other income-generating activities, n.e.c.*",0.05,-0.4785288964455661,0.05,0.05,0.5838437423746701,0.51886008342703,0.531933357194585,0.56123647172775,47.5,48.4,8108.5,9294.8,-0.02930311453316503,0.06498365894764002
050403,Job interviewing,0.05,-0.4785288964455661,0.05,0.05,0.10547236554462,0.082949343757758,0.162895214416175,0.120274845150992,8.5,7.8,8108.5,9294.8,0.04262036926518299,0.022523021786861996
050404,Waiting associated with job search or interview,0.05,-0.4785288964455661,0.05,0.05,0.005849321478705,0.02068392615503,0.0061475555461300005,0.03391068973557891,0.5,2.0,8108.5,9294.8,-0.02776313418944891,-0.014834604676325
050405,Security procedures rel. to job search/interviewing,0.05,-0.4785288964455661,0.05,0.05,0.0,0.004041226423709818,0.0,0.010355677574012,0.0,0.4,8108.5,9294.8,-0.010355677574012,-0.004041226423709818
050481,Job search activities,0.05,-0.4785288964455661,0.05,0.05,0.56428447780302,0.65804784756964,0.8261665961143749,0.958201130233148,46.0,61.4,8108.5,9294.8,-0.13203453411877308,-0.09376336976661992
050499,"Job search and Interviewing, n.e.c.*",0.05,-0.4785288964455661,0.05,0.05,0.011698642957415,0.011029810314796,0.015024206044185,0.019025365209006,1.0,1.0,8108.5,9294.8,-0.0040011591648209995,0.0006688326426190008
059999,"Work and work-related activities, n.e.c.*",0.05,-0.4785288964455661,0.05,0.05,0.01236907633592,0.022970031045243818,0.06976723159317999,0.02721387430515653,1.0,2.0,8108.5,9294.8,0.04255335728802346,-0.010600954709323818
060101,"Taking class for degree, certification, or licensure",0.532,2.283258852002684,0.45,0.6,1.26231621964294,1.621217191349372,3.97610172633075,4.281715852393622,102.0,151.6,8108.5,9294.8,-0.3056141260628715,-0.358900971706432
060102,Taking class for personal interest,0.393,1.4868096880310933,0.2,0.55,0.24872239347553,0.350034602570888,0.28292227258068003,0.40244685123739804,20.0,32.4,8108.5,9294.8,-0.119524578656718,-0.10131220909535799
060103,Waiting associated with taking classes,0.393,1.4868096880310933,0.2,0.55,0.10480193216611,0.16313005589915802,0.38750086054828,0.443123921729184,8.5,15.2,8108.5,9294.8,-0.05562306118090404,-0.05832812373304802
060104,Security procedures rel. to taking classes,0.393,1.4868096880310933,0.2,0.55,0.006519754857215,0.0020848535390380002,0.02101937959732,0.009208758850634,0.5,0.2,8108.5,9294.8,0.011810620746686,0.004434901318177
060199,"Taking class, n.e.c.*",0.393,1.4868096880310933,0.2,0.55,0.024738152671845003,0.050230897433278,0.055353693420345004,0.099519426961448,2.0,4.8,8108.5,9294.8,-0.044165733541102994,-0.025492744761432998
060201,Extracurricular club activities,0.05,-0.4785288964455661,0.05,0.05,0.024738152671845003,0.032659060172086,0.07194000407769499,0.067811941328712,2.0,3.0,8108.5,9294.8,0.0041280627489829885,-0.007920907500241
060202,Extracurricular music & performance activities,0.05,-0.4785288964455661,0.05,0.05,0.03643679562926,0.048939756027722006,0.099887372357715,0.11537895930776401,3.0,4.6,8108.5,9294.8,-0.015491586950049013,-0.012502960398462007
060203,Extracurricular student government activities,0.05,-0.4785288964455661,0.05,0.05,0.0,0.0,0.0,0.0,0.0,0.0,8108.5,9294.8,0.0,0.0
060289,"Education-related extracurricular activities, n.e.c.*",0.05,-0.4785288964455661,0.05,0.05,0.006519754857215,0.026913711199244,0.006559991440330001,0.040389138868368,0.5,2.6,8108.5,9294.8,-0.033829147428038,-0.020393956342029
060301,"Research/homework for class for degree, certification, or licensure",0.598,2.6614289586366766,0.35,0.8,2.5226211391503597,3.037753980421798,5.1020404778316095,5.5003261709619,204.0,284.0,8108.5,9294.8,-0.3982856931302905,-0.5151328412714382
060302,Research/homework for class for pers. interest,0.598,2.6614289586366766,0.35,0.8,0.27327596721951,0.181292082153438,0.25270719940058,0.22503848477959001,22.5,16.6,8108.5,9294.8,0.027668714620989993,0.09198388506607197
060303,Waiting associated with research/homework,0.598,2.6614289586366766,0.35,0.8,0.0,0.0,0.0,0.0,0.0,0.0,8108.5,9294.8,0.0,0.0
060399,Research/homework n.e.c.*,0.598,2.6614289586366766,0.35,0.8,0.18236855707421,0.16127553383281398,0.21905328503668497,0.218182360634118,14.5,14.8,8108.5,9294.8,0.0008709244025669749,0.02109302324139603
060401,"Administrative activities: class for degree, certification, or licensure",0.05,-0.4785288964455661,0.05,0.05,0.056666493579425006,0.053949744241104006,0.16656197608517997,0.147887305603912,4.5,5.0,8108.5,9294.8,0.018674670481267974,0.0027167493383210006
060402,Administrative activities: class for personal interest,0.05,-0.4785288964455661,0.05,0.05,0.006519754857215,0.006521659639555999,0.0012192575529062471,0.0062481192876279994,0.5,0.6,8108.5,9294.8,-0.005028861734721752,-1.9047823409988965e-06
060403,Waiting associated w/admin. activities (education),0.05,-0.4785288964455661,0.05,0.05,0.0,0.0020848535390380002,0.0,0.00510619624967,0.0,0.2,8108.5,9294.8,-0.00510619624967,-0.0020848535390380002
060499,"Administrative for education, n.e.c.*",0.05,-0.4785288964455661,0.05,0.05,0.018888831193135003,0.025063596175904,0.02449004774369,0.055464588291128006,1.5,2.4,8108.5,9294.8,-0.030974540547438006,-0.006174764982768997
069999,"Education, n.e.c.*",0.05,-0.4785288964455661,0.05,0.05,0.031928340907570005,0.11174446093114401,0.090609891770235,0.194139708327446,2.5,10.8,8108.5,9294.8,-0.10352981655721101,-0.07981612002357401
070101,Grocery shopping,0.305,0.9825828791857696,0.25,0.35,15.60836558684841,14.913530590553924,13.5188156001339,13.215381773207014,1264.0,1389.0,8108.5,9294.8,0.30343382692688614,0.6948349962944871
070102,Purchasing gas,0.305,0.9825828791857696,0.25,0.35,3.2324682205425903,3.3866717839212357,2.9724519574021153,3.432616984839566,262.5,315.2,8108.5,9294.8,-0.46016502743745047,-0.15420356337864538
070103,Purchasing food (not groceries),0.305,0.9825828791857696,0.25,0.35,12.200349839611585,13.736835034840322,12.47051734740086,14.084457501341515,988.5,1280.2,8108.5,9294.8,-1.6139401539406553,-1.536485195228737
070104,"Shopping, except groceries, food and gas",0.305,0.9825828791857696,0.25,0.35,17.625914710623256,19.409249842697413,16.453764418017457,17.97173398453066,1430.5,1814.0,8108.5,9294.8,-1.5179695665132016,-1.783335132074157
070105,Waiting associated with shopping,0.305,0.9825828791857696,0.25,0.35,0.6600695005257551,0.7495531198048979,0.6455876669048399,0.767811656778816,53.5,69.6,8108.5,9294.8,-0.12222398987397609,-0.08948361927914283
070199,"Shopping, n.e.c.*",0.305,0.9825828791857696,0.25,0.35,0.006519754857215,0.008374327442763998,0.002793052975646405,0.013944736141408,0.5,0.8,8108.5,9294.8,-0.011151683165761594,-0.0018545725855489978
070201,Comparison shopping,0.305,0.9825828791857696,0.25,0.35,0.19857565475332,0.128591912158344,0.19538838441793,0.09732707213070799,16.0,12.0,8108.5,9294.8,0.09806131228722201,0.069983742594976
070299,"Researching purchases, n.e.c.*",0.305,0.9825828791857696,0.25,0.35,0.0,0.004916420845624,0.0,0.00478046835767,0.0,0.4,8108.5,9294.8,-0.00478046835767,-0.004916420845624
070301,Security procedures rel. to consumer purchases,0.305,0.9825828791857696,0.25,0.35,0.0,0.004204620364686,0.0,0.0021860044153854336,0.0,0.4,8108.5,9294.8,-0.0021860044153854336,-0.004204620364686
070399,"Security procedures rel. to consumer purchases, n.e.c.*",0.305,0.9825828791857696,0.25,0.35,0.0,0.0020848535390380002,0.0,0.00457576936422,0.0,0.2,8108.5,9294.8,-0.00457576936422,-0.0020848535390380002
079999,"Consumer purchases, n.e.c.*",0.05,-0.4785288964455661,0.05,0.05,0.0,0.0,0.0,0.0,0.0,0.0,8108.5,9294.8,0.0,0.0
080101,Using paid childcare services,0.305,0.9825828791857696,0.25,0.35,0.032598774286085,0.088933520501322,0.029467031192584998,0.07712371083433,2.5,8.4,8108.5,9294.8,-0.04765667964174501,-0.056334746215237
080102,Waiting associated w/purchasing childcare svcs,0.305,0.9825828791857696,0.25,0.35,0.006519754857215,0.0,0.006177683739654999,0.0,0.5,0.0,8108.5,9294.8,0.006177683739654999,0.006519754857215
080199,"Using paid childcare services, n.e.c.*",0.305,0.9825828791857696,0.25,0.35,0.0,0.0,0.0,0.0,0.0,0.0,8108.5,9294.8,0.0,0.0
080201,Banking,0.628,2.833324461652128,0.6,0.65,1.35024062075144,1.628810756472842,1.226881793008165,1.70252151190039,109.0,152.2,8108.5,9294.8,-0.475639718892225,-0.2785701357214021
080202,Using other financial services,0.628,2.833324461652128,0.6,0.65,0.116500575123525,0.13152045387490802,0.19418265278021,0.126659062132298,9.5,12.2,8108.5,9294.8,0.067523590647912,-0.015019878751383012
080203,Waiting associated w/banking/financial services,0.628,2.833324461652128,0.6,0.65,0.01236907633592,0.029396697194958,0.013900569046525918,0.024060610107553816,1.0,2.8,8108.5,9294.8,-0.010160041061027898,-0.017027620859038
080299,"Using financial services and banking, n.e.c.*",0.628,2.833324461652128,0.6,0.65,0.01236907633592,0.0041697070780760005,0.019096753409924998,0.0047788422229220005,1.0,0.4,8108.5,9294.8,0.014317911187002997,0.008199369257844
080301,Using legal services,0.305,0.9825828791857696,0.25,0.35,0.049476305343695,0.03894823136869,0.044706224796739996,0.070600558124244,4.0,3.6,8108.5,9294.8,-0.025894333327504,0.010528073975005
080302,Waiting associated with legal services,0.305,0.9825828791857696,0.25,0.35,0.0,0.006242172830663818,0.0,0.023721739801058784,0.0,0.6,8108.5,9294.8,-0.023721739801058784,-0.006242172830663818
080399,"Using legal services, n.e.c.*",0.305,0.9825828791857696,0.25,0.35,0.0,0.006405566771640001,0.0,0.010012331132513066,0.0,0.6,8108.5,9294.8,-0.010012331132513066,-0.006405566771640001
080401,Using health and care services outside the home,0.628,2.833324461652128,0.6,0.65,3.141074955946645,3.094170687691498,3.58398694275685,3.7190515387166156,254.0,286.6,8108.5,9294.8,-0.13506459595976583,0.04690426825514704
080402,Using in-home health and care services,0.628,2.833324461652128,0.6,0.65,0.09109198907316501,0.11813510344039199,0.07058860583536,0.095102755282106,7.5,11.0,8108.5,9294.8,-0.024514149446746,-0.027043114367226978
080403,Waiting associated with medical services,0.628,2.833324461652128,0.6,0.65,0.78126310929885,0.9064843238214341,0.8522117408051599,1.091296292729776,63.0,84.8,8108.5,9294.8,-0.23908455192461608,-0.12522121452258406
080499,"Using medical services, n.e.c.*",0.628,2.833324461652128,0.6,0.65,0.01236907633592,0.030129685690566,0.02133030893643573,0.024360181941408,1.0,2.8,8108.5,9294.8,-0.003029873004972268,-0.017760609354646
080501,Using personal care services,0.305,0.9825828791857696,0.25,0.35,1.4568692741252098,1.316591429136654,1.40302927620565,1.26837713125695,118.0,123.4,8108.5,9294.8,0.13465214494869993,0.14027784498855578
080502,Waiting associated w/personal care services,0.305,0.9825828791857696,0.25,0.35,0.142579594552395,0.18851360556808,0.13661867533027,0.181397544851828,11.5,17.8,8108.5,9294.8,-0.04477886952155799,-0.045934011015685006
080599,"Using personal care services, n.e.c.*",0.305,0.9825828791857696,0.25,0.35,0.0,0.010656756138146,0.0,0.010558412145815477,0.0,1.0,8108.5,9294.8,-0.010558412145815477,-0.010656756138146
080601,Activities rel. to purchasing/selling real estate,0.305,0.9825828791857696,0.25,0.35,0.22063207391113498,0.2710817554173,0.21582438461951,0.23237038751104003,18.0,25.2,8108.5,9294.8,-0.01654600289153002,-0.05044968150616502
080602,Waiting associated w/purchasing/selling real estate,0.305,0.9825828791857696,0.25,0.35,0.0,0.004157319291625819,0.0,0.0021315180323535675,0.0,0.4,8108.5,9294.8,-0.0021315180323535675,-0.004157319291625819
080699,"Using real estate services, n.e.c.*",0.305,0.9825828791857696,0.25,0.35,0.005849321478705,0.0,0.004609127694315583,0.0,0.5,0.0,8108.5,9294.8,0.004609127694315583,0.005849321478705
080701,Using veterinary services,0.305,0.9825828791857696,0.25,0.35,0.27010837925484,0.18197348796690999,0.32124433453961,0.188153876164692,22.0,16.8,8108.5,9294.8,0.13309045837491798,0.08813489128793
080702,Waiting associated with veterinary services,0.305,0.9825828791857696,0.25,0.35,0.06836513653684001,0.075493621544612,0.07522352451965,0.09161951404994999,5.5,7.0,8108.5,9294.8,-0.016395989530299984,-0.007128485007771995
080799,"Using veterinary services, n.e.c.*",0.305,0.9825828791857696,0.25,0.35,0.0,0.00454306396185,0.0,0.006180759572500001,0.0,0.4,8108.5,9294.8,-0.006180759572500001,-0.00454306396185
080801,Security procedures rel. to professional/personal svcs.,0.305,0.9825828791857696,0.25,0.35,0.0,0.0,0.0,0.0,0.0,0.0,8108.5,9294.8,0.0,0.0
080899,Security procedures rel. to professional/personal svcs n.e.c.*,0.305,0.9825828791857696,0.25,0.35,0.0,0.0,0.0,0.0,0.0,0.0,8108.5,9294.8,0.0,0.0
089999,"Professional and personal services, n.e.c.*",0.05,-0.4785288964455661,0.05,0.05,0.02406771929334,0.06700238052609,0.020023706484885,0.055234738467066,2.0,6.4,8108.5,9294.8,-0.03521103198218101,-0.042934661232750006
090101,Using interior cleaning services,0.305,0.9825828791857696,0.25,0.35,0.02406771929334,0.033985544228369996,0.016339485868887067,0.039288186054640004,2.0,3.2,8108.5,9294.8,-0.022948700185752936,-0.009917824935029997
090102,Using meal preparation services,0.305,0.9825828791857696,0.25,0.35,0.006519754857215,0.00870038325347582,0.00534282178753,0.008752102042859861,0.5,0.8,8108.5,9294.8,-0.003409280255329861,-0.002180628396260819
090103,Using clothing repair and cleaning services,0.305,0.9825828791857696,0.25,0.35,0.19272633327461,0.27432701841171603,0.18704024622763998,0.26075758702694,15.5,26.0,8108.5,9294.8,-0.07371734079930004,-0.08160068513710603
090104,Waiting associated with using household services,0.305,0.9825828791857696,0.25,0.35,0.0,0.014896289789444,0.0,0.01053035019811319,0.0,1.4,8108.5,9294.8,-0.01053035019811319,-0.014896289789444
090199,"Using household services, n.e.c.*",0.305,0.9825828791857696,0.25,0.35,0.006519754857215,0.008245846788395818,0.003642632973613734,0.004011541330108697,0.5,0.8,8108.5,9294.8,-0.0003689083564949627,-0.0017260919311808181
090201,Using home maint/repair/décor/construction svcs,0.305,0.9825828791857696,0.25,0.35,0.368390556563735,0.36986885595593,0.31548565717486,0.35796147155662805,30.0,34.6,8108.5,9294.8,-0.04247581438176806,-0.001478299392195015
090202,Waiting associated w/ home main/repair/décor/constr,0.305,0.9825828791857696,0.25,0.35,0.12503163011627,0.150021820009684,0.07804445529047001,0.13323858770374,10.0,14.0,8108.5,9294.8,-0.055194132413269995,-0.024990189893414005
090299,"Using home maint/repair/décor/constr services, n.e.c.*",0.305,0.9825828791857696,0.25,0.35,0.005849321478705,0.014861376502831999,0.004083658573991296,0.02264126434701302,0.5,1.4,8108.5,9294.8,-0.018557605773021724,-0.009012055024126999
090301,Using pet services,0.305,0.9825828791857696,0.25,0.35,0.21813491932497003,0.099277732030174,0.19390452003007502,0.08820468943281999,17.5,9.2,8108.5,9294.8,0.10569983059725503,0.11885718729479604
090302,Waiting associated with pet services,0.305,0.9825828791857696,0.25,0.35,0.01236907633592,0.013557847310829998,0.01464717354242,0.012510695568862043,1.0,1.2,8108.5,9294.8,0.0021364779735579577,-0.0011887709749099987
090399,"Using pet services, n.e.c.*",0.305,0.9825828791857696,0.25,0.35,0.0,0.027976040356671998,0.0,0.026115485863126547,0.0,2.6,8108.5,9294.8,-0.026115485863126547,-0.027976040356671998
090401,Using lawn and garden services,0.305,0.9825828791857696,0.25,0.35,0.08524266759446,0.093341642289926,0.07546548392305,0.066695761758302,7.0,8.6,8108.5,9294.8,0.008769722164748,-0.008098974695465999
090402,Waiting associated with using lawn & garden services,0.305,0.9825828791857696,0.25,0.35,0.01236907633592,0.012309598712266,0.0029194665548015245,0.007962840821397324,1.0,1.2,8108.5,9294.8,-0.005043374266595799,5.947762365400046e-05
090499,"Using lawn and garden services, n.e.c.*",0.305,0.9825828791857696,0.25,0.35,0.0,0.002458210422812,0.0,0.0016411796008618546,0.0,0.2,8108.5,9294.8,-0.0016411796008618546,-0.002458210422812
090501,Using vehicle maintenance or repair services,0.305,0.9825828791857696,0.25,0.35,0.660739933904265,0.56080690237968,0.68032516646304,0.619032971464056,53.5,52.2,8108.5,9294.8,0.06129219499898397,0.09993303152458499
090502,Waiting associated with vehicle main. or repair svcs,0.305,0.9825828791857696,0.25,0.35,0.220146219460495,0.28174343659917,0.20561356386305002,0.290385584452618,17.5,26.2,8108.5,9294.8,-0.08477202058956795,-0.061597217138675
090599,"Using vehicle maint. & repair svcs, n.e.c.*",0.305,0.9825828791857696,0.25,0.35,0.04746500520817001,0.158482038006948,0.047734551190515,0.13391309578536198,4.0,14.6,8108.5,9294.8,-0.08617854459484697,-0.11101703279877798
099999,"Using household services, n.e.c.*",0.05,-0.4785288964455661,0.05,0.05,0.011698642957415,0.02434308410334582,0.01421451669317,0.01558715795121395,1.0,2.2,8108.5,9294.8,-0.0013726412580439499,-0.012644441145930819
100101,Using police and fire services,0.628,2.833324461652128,0.6,0.65,0.02339728591483,0.032822151405941816,0.025748385673169998,0.043053947239634,2.0,3.0,8108.5,9294.8,-0.017305561566464005,-0.009424865491111815
100102,Using social services,0.628,2.833324461652128,0.6,0.65,0.03777766238628,0.060180564063683994,0.04144392897113,0.05846829387267001,3.0,5.6,8108.5,9294.8,-0.01702436490154001,-0.022402901677403997
100103,"Obtaining licenses & paying fines, fees, taxes",0.628,2.833324461652128,0.6,0.65,0.11918230863756,0.155602168403454,0.13888905295378498,0.182174910304792,9.5,14.6,8108.5,9294.8,-0.04328585735100701,-0.036419859765894
100199,"Using government services, n.e.c.*",0.628,2.833324461652128,0.6,0.65,0.024738152671845003,0.019194477521889818,0.0642058238224,0.021522048297444318,2.0,1.8,8108.5,9294.8,0.04268377552495568,0.005543675149955185
100201,Civic obligations & participation,0.305,0.9825828791857696,0.25,0.35,0.17268121425232,0.131130673808672,0.189059095806205,0.12101448551956,13.5,12.0,8108.5,9294.8,0.068044610286645,0.041550540443648004
100299,"Civic obligations & participation, n.e.c.*",0.305,0.9825828791857696,0.25,0.35,0.01236907633592,0.010330700327435818,0.02514350977196,0.01029680350908,1.0,1.0,8108.5,9294.8,0.01484670626288,0.002038376008484182
100381,Waiting associated w/ using government services,0.305,0.9825828791857696,0.25,0.35,0.04496785062200501,0.034417555193291816,0.05437608866986,0.041308933644634,3.5,3.2,8108.5,9294.8,0.013067155025225999,0.010550295428713191
100383,Waiting associated w/civic obligations & participation,0.305,0.9825828791857696,0.25,0.35,0.01955926457165,0.012252159925496,0.033268024363219996,0.012113957052892,1.5,1.2,8108.5,9294.8,0.021154067310327998,0.007307104646154002
100399,"Waiting assoc. w/govt svcs or civic obligations, n.e.c.*",0.305,0.9825828791857696,0.25,0.35,0.0,0.0,0.0,0.0,0.0,0.0,8108.5,9294.8,0.0,0.0
100401,Security procedures rel. to govt svcs/civic obligations,0.305,0.9825828791857696,0.25,0.35,0.0,0.004285799945992,0.0,0.004182009455895764,0.0,0.4,8108.5,9294.8,-0.004182009455895764,-0.004285799945992
100499,"Security procedures rel. to govt svcs/civic obligations, n.e.c.*",0.305,0.9825828791857696,0.25,0.35,0.0,0.0,0.0,0.0,0.0,0.0,8108.5,9294.8,0.0,0.0
109999,"Government services, n.e.c.*",0.05,-0.4785288964455661,0.05,0.05,0.0,0.003912745769342,0.0,0.004456464200314,0.0,0.4,8108.5,9294.8,-0.004456464200314,-0.003912745769342
110101,Eating and drinking,0.05,-0.4785288964455661,0.05,0.05,96.08022697167364,95.78681132225361,95.7296116820261,95.89763512060021,7790.0,8900.8,8108.5,9294.8,-0.16802343857411017,0.2934156494200266
110199,"Eating and drinking, n.e.c.*",0.05,-0.4785288964455661,0.05,0.05,0.0,0.0,0.0,0.0,0.0,0.0,8108.5,9294.8,0.0,0.0
110281,Waiting associated w/eating & drinking,0.05,-0.4785288964455661,0.05,0.05,1.26786426559888,1.3509456794777959,1.0695074258624748,1.349108805762704,101.5,127.4,8108.5,9294.8,-0.27960137990022926,-0.08308141387891577
110289,"Waiting associated with eating & drinking, n.e.c.*",0.05,-0.4785288964455661,0.05,0.05,0.005849321478705,0.006113692176296,0.037165638417805,0.00830849246467408,0.5,0.6,8108.5,9294.8,0.028857145953130922,-0.0002643706975909996
119999,"Eating and drinking, n.e.c.*",0.05,-0.4785288964455661,0.05,0.05,0.0,0.0020848535390380002,0.0,0.0018278291066798219,0.0,0.2,8108.5,9294.8,-0.0018278291066798219,-0.0020848535390380002
120101,Socializing and communicating with others,0.05,-0.4785288964455661,0.05,0.05,29.38927546394447,32.09199717452436,28.26295087746755,31.415354699415765,2380.5,2998.4,8108.5,9294.8,-3.152403821948216,-2.702721710579887
120199,"Socializing and communicating, n.e.c.*",0.05,-0.4785288964455661,0.05,0.05,0.0,0.015199820099996,0.0,0.012406569642768001,0.0,1.4,8108.5,9294.8,-0.012406569642768001,-0.015199820099996
120201,Attending or hosting parties/receptions/ceremonies,0.05,-0.4785288964455661,0.05,0.05,2.078976533336815,2.005679020096968,1.5547040700799752,1.552540268534474,169.0,188.0,8108.5,9294.8,0.0021638015455012205,0.07329751323984723
120202,Attending meetings for personal interest (not volunteering),0.05,-0.4785288964455661,0.05,0.05,0.46399100035859503,0.474549782389378,0.396151675484,0.447391195166016,38.0,44.6,8108.5,9294.8,-0.05123951968201601,-0.010558782030782976
120299,"Attending/hosting social events, n.e.c.*",0.05,-0.4785288964455661,0.05,0.05,0.01303950971443,0.029874793938562,0.02155530115692,0.016633083844818354,1.0,2.8,8108.5,9294.8,0.004922217312101646,-0.016835284224131997
120301,"Relaxing, thinking",0.05,-0.4785288964455661,0.05,0.05,19.731038145721918,19.75789577676104,20.901904487830826,20.591211838118408,1599.5,1834.6,8108.5,9294.8,0.3106926497124185,-0.026857631039121088
120302,Tobacco and drug use,0.05,-0.4785288964455661,0.05,0.05,0.70887537249095,1.0680342364572781,0.743625134202615,1.2559698900965741,57.5,100.4,8108.5,9294.8,-0.5123447558939591,-0.3591588639663281
120303,Television and movies (not religious),0.05,-0.4785288964455661,0.05,0.05,77.62477794849887,79.68968413344507,73.22855279170383,77.65760003040262,6296.5,7407.4,8108.5,9294.8,-4.429047238698786,-2.064906184946196
120304,Television (religious),0.05,-0.4785288964455661,0.05,0.05,0.44979520281502,0.485563689968568,0.21682848668284502,0.252049246393522,36.5,44.4,8108.5,9294.8,-0.03522075971067698,-0.03576848715354802
120305,Listening to the radio,0.05,-0.4785288964455661,0.05,0.05,1.4540029616833001,1.452818971099026,1.263692619153275,1.254738641886284,118.5,135.8,8108.5,9294.8,0.008953977266990876,0.0011839905842740972
120306,Listening to/playing music (not radio),0.05,-0.4785288964455661,0.05,0.05,1.95662663673457,2.343359997733964,2.00221181925762,2.503545588445146,159.0,218.8,8108.5,9294.8,-0.5013337691875259,-0.3867333609993939
120307,Playing games,0.05,-0.4785288964455661,0.05,0.05,13.642906619598325,11.594670978580293,14.990520892330355,12.54930725515992,1103.5,1071.0,8108.5,9294.8,2.441213637170435,2.0482356410180316
120308,Computer use for leisure (exc. Games),0.532,2.283258852002684,0.45,0.6,12.080127939739764,12.069886292682442,13.329878439253985,13.226920577916383,980.0,1121.2,8108.5,9294.8,0.1029578613376021,0.010241647057322112
120309,Arts and crafts as a hobby,0.05,-0.4785288964455661,0.05,0.05,1.727162232307925,1.506741095929374,1.71747510603406,1.49304357456554,139.5,139.2,8108.5,9294.8,0.22443153146852013,0.22042113637855087
120310,Collecting as a hobby,0.05,-0.4785288964455661,0.05,0.05,0.042956550486480005,0.039800168219202,0.036799346304494995,0.030006839728948,3.5,3.6,8108.5,9294.8,0.006792506575546996,0.0031563822672780045
120311,"Hobbies, except arts & crafts and collecting",0.05,-0.4785288964455661,0.05,0.05,0.251219548061695,0.25168455576612797,0.14961823312565,0.195369513919086,20.5,23.0,8108.5,9294.8,-0.04575128079343599,-0.0004650077044329737
120312,Reading for personal interest,0.05,-0.4785288964455661,0.05,0.05,20.48085876856383,20.630016875323044,16.156359284882875,17.764591699992437,1660.5,1917.8,8108.5,9294.8,-1.608232415109562,-0.14915810675921293
120313,Writing for personal interest,0.05,-0.4785288964455661,0.05,0.05,0.430235938243365,0.42023321416938203,0.44909581909158003,0.405431756540522,35.0,39.0,8108.5,9294.8,0.043664062551058036,0.01000272407398295
120399,"Relaxing and leisure, n.e.c.*",0.05,-0.4785288964455661,0.05,0.05,0.20893343095371997,0.22652404167430001,0.1508202674601,0.187773927020644,17.0,21.0,8108.5,9294.8,-0.036953659560544,-0.017590610720580047
120401,Attending performing arts,0.05,-0.4785288964455661,0.05,0.05,0.671768143483175,0.5672203914198819,0.540648426051295,0.489877478729996,54.5,52.8,8108.5,9294.8,0.050770947321299054,0.10454775206329314
120402,Attending museums,0.05,-0.4785288964455661,0.05,0.05,0.31440579649834,0.34005535751496996,0.253247455052845,0.23864485270265398,25.5,31.6,8108.5,9294.8,0.014602602350191035,-0.025649561016629963
120403,Attending movies/film,0.05,-0.4785288964455661,0.05,0.05,0.496589774644685,0.8498405999029479,0.41778245445467,0.7422506721804061,40.5,81.2,8108.5,9294.8,-0.3244682177257361,-0.3532508252582629
120404,Attending gambling establishments,0.05,-0.4785288964455661,0.05,0.05,0.16798818060276,0.24275175903741403,0.11902782066371,0.190443226258466,13.5,22.8,8108.5,9294.8,-0.071415405594756,-0.07476357843465403
120405,Security procedures rel. to arts & entertainment,0.05,-0.4785288964455661,0.05,0.05,0.0,0.0045779772484599995,0.0,0.00806852488152995,0.0,0.4,8108.5,9294.8,-0.00806852488152995,-0.0045779772484599995
120499,"Arts and entertainment, n.e.c.*",0.05,-0.4785288964455661,0.05,0.05,1.109194269962265,1.2969221729378861,0.893116548793485,1.055300773627704,90.0,120.8,8108.5,9294.8,-0.16218422483421902,-0.18772790297562114
120501,Waiting assoc. w/socializing & communicating,0.05,-0.4785288964455661,0.05,0.05,0.081404646251275,0.074133170343486,0.058123138290585005,0.067452523076412,6.5,7.0,8108.5,9294.8,-0.009329384785826997,0.007271475907788996
120502,Waiting assoc. w/attending/hosting social events,0.05,-0.4785288964455661,0.05,0.05,0.005849321478705,0.040509024576552,0.0020120244504581598,0.035854164440528004,0.5,3.8,8108.5,9294.8,-0.033842139990069846,-0.034659703097846994
120503,Waiting associated with relaxing/leisure,0.05,-0.4785288964455661,0.05,0.05,0.0,0.027475540304022,0.0,0.034009287765836,0.0,2.6,8108.5,9294.8,-0.034009287765836,-0.027475540304022
120504,Waiting associated with arts & entertainment,0.05,-0.4785288964455661,0.05,0.05,0.08524266759446,0.133485841058324,0.10778326897245,0.12294004140488798,7.0,12.6,8108.5,9294.8,-0.015156772432437987,-0.048243173463864
120599,"Waiting associated with socializing, n.e.c.*",0.05,-0.4785288964455661,0.05,0.05,0.0,0.0022009464069539996,0.0,0.0005045703478964148,0.0,0.2,8108.5,9294.8,-0.0005045703478964148,-0.0022009464069539996
129999,"Socializing, relaxing, and leisure, n.e.c.*",0.05,-0.4785288964455661,0.05,0.05,0.018888831193135003,0.007988885479662,0.010394382825325513,0.005001341102268001,1.5,0.8,8108.5,9294.8,0.005393041723057513,0.010899945713473002
130101,Doing aerobics,0.05,-0.4785288964455661,0.05,0.05,0.219291207154115,0.294492025795958,0.26390162540401,0.295878258706684,18.0,27.4,8108.5,9294.8,-0.031976633302673974,-0.07520081864184303
130102,Playing baseball,0.05,-0.4785288964455661,0.05,0.05,0.03777766238628,0.071055780665728,0.057664826956815,0.091722377409512,3.0,6.6,8108.5,9294.8,-0.034057550452697004,-0.033278118279448
130103,Playing basketball,0.05,-0.4785288964455661,0.05,0.05,0.17700509004613998,0.291876848173464,0.3916497059288,0.484177541779008,14.5,27.6,8108.5,9294.8,-0.09252783585020802,-0.114871758127324
130104,Biking,0.05,-0.4785288964455661,0.05,0.05,1.42542678766827,1.3085320897641382,1.2170623565782202,1.151083336815896,116.0,120.8,8108.5,9294.8,0.06597901976232423,0.11689469790413187
130105,Playing billiards,0.05,-0.4785288964455661,0.05,0.05,0.14641761589558,0.13547609245124,0.161185783423755,0.16842619143385001,12.0,12.8,8108.5,9294.8,-0.007240408010095012,0.01094152344433999
130106,Boating,0.05,-0.4785288964455661,0.05,0.05,0.22398424080368,0.200221602542292,0.17718016978655998,0.16255756391264,18.0,18.6,8108.5,9294.8,0.014622605873919975,0.023762638261388025
130107,Bowling,0.05,-0.4785288964455661,0.05,0.05,0.087253967729985,0.146848022558032,0.06278258233431,0.14583710193413,7.0,13.6,8108.5,9294.8,-0.08305451959981999,-0.059594054828047
130108,"Climbing, spelunking, caving",0.05,-0.4785288964455661,0.05,0.05,0.042956550486480005,0.037050815272288,0.09541345846212,0.039722812985626,3.5,3.4,8108.5,9294.8,0.055690645476494,0.005905735214192007
130109,Dancing,0.05,-0.4785288964455661,0.05,0.05,0.19004459976057497,0.221567210638616,0.221566125496175,0.239214632257228,15.5,20.8,8108.5,9294.8,-0.017648506761053007,-0.031522610878041035
130110,Participating in equestrian sports,0.05,-0.4785288964455661,0.05,0.05,0.056666493579425006,0.057348264685858,0.037730537620885005,0.034674458758956,4.5,5.4,8108.5,9294.8,0.003056078861929004,-0.000681771106432992
130111,Fencing,0.05,-0.4785288964455661,0.05,0.05,0.0,0.002458210422812,0.0,0.0025559690248340003,0.0,0.2,8108.5,9294.8,-0.0025559690248340003,-0.002458210422812
130112,Fishing,0.05,-0.4785288964455661,0.05,0.05,0.287840922618835,0.30023810684004204,0.33137211980318,0.286614293652262,23.0,27.8,8108.5,9294.8,0.044757826150918,-0.012397184221207058
130113,Playing football,0.05,-0.4785288964455661,0.05,0.05,0.049476305343695,0.063054418763014,0.09457135576266501,0.11944623037574201,4.0,6.0,8108.5,9294.8,-0.024874874613076997,-0.013578113419318999
130114,Golfing,0.05,-0.4785288964455661,0.05,0.05,0.5908493516825299,0.554139013255838,0.478079800377775,0.484854171640288,48.5,51.0,8108.5,9294.8,-0.006774371262513013,0.03671033842669191
130115,Doing gymnastics,0.05,-0.4785288964455661,0.05,0.05,0.011698642957415,0.004285799945992,0.009451309741585,0.0027464820853197146,1.0,0.4,8108.5,9294.8,0.006704827656265285,0.007412843011423
130116,Hiking,0.05,-0.4785288964455661,0.05,0.05,0.461493845772435,0.39349014882613,0.34621876846453503,0.294139758678198,37.5,36.6,8108.5,9294.8,0.052079009786337005,0.06800369694630504
130117,Playing hockey,0.05,-0.4785288964455661,0.05,0.05,0.01303950971443,0.023317918305273817,0.022291535247060002,0.02178669687954083,1.0,2.2,8108.5,9294.8,0.0005048383675191719,-0.010278408590843816
130118,Hunting,0.05,-0.4785288964455661,0.05,0.05,0.09310328920869,0.14612244294614002,0.06047042413548501,0.135276900537698,7.5,13.6,8108.5,9294.8,-0.074806476402213,-0.05301915373745002
130119,Participating in martial arts,0.05,-0.4785288964455661,0.05,0.05,0.061174948301115,0.071861059877822,0.06577110885826,0.075000299636402,5.0,6.8,8108.5,9294.8,-0.009229190778142007,-0.010686111576707
130120,Playing racquet sports,0.05,-0.4785288964455661,0.05,0.05,0.35218345888463,0.19020077185317802,0.444993084480545,0.220079176323618,28.5,17.8,8108.5,9294.8,0.22491390815692697,0.16198268703145197
130121,Participating in rodeo competitions,0.05,-0.4785288964455661,0.05,0.05,0.0,0.004659156829765999,0.0,0.0025308879742428803,0.0,0.4,8108.5,9294.8,-0.0025308879742428803,-0.004659156829765999
130122,Rollerblading,0.05,-0.4785288964455661,0.05,0.05,0.035766362250755,0.047575932561958,0.05998856292606122,0.06487707776253375,3.0,4.4,8108.5,9294.8,-0.004888514836472527,-0.011809570311203
130123,Playing rugby,0.05,-0.4785288964455661,0.05,0.05,0.011698642957415,0.0020848535390380002,0.03451638294766,0.00299077281957,1.0,0.2,8108.5,9294.8,0.03152561012809,0.009613789418377
130124,Running,0.05,-0.4785288964455661,0.05,0.05,1.173721385155935,1.507301287807956,1.513224008315975,1.693295822761892,95.0,141.0,8108.5,9294.8,-0.18007181444591702,-0.333579902652021
130125,"Skiing, ice skating, snowboarding",0.05,-0.4785288964455661,0.05,0.05,0.12570206349478,0.125487209208672,0.06478186009737,0.095261534060686,10.0,11.6,8108.5,9294.8,-0.03047967396331601,0.00021485428610798496
130126,Playing soccer,0.05,-0.4785288964455661,0.05,0.05,0.11132168702333001,0.160105608105496,0.27033626979267,0.23668654286409202,9.0,15.2,8108.5,9294.8,0.03364972692857798,-0.048783921082166004
130127,Softball,0.05,-0.4785288964455661,0.05,0.05,0.02406771929334,0.032215876715092004,0.03165237341223,0.03162635911983,2.0,3.0,8108.5,9294.8,2.6014292399997863e-05,-0.008148157421752004
130128,Using cardiovascular equipment,0.05,-0.4785288964455661,0.05,0.05,0.7549995109421099,0.7932852401302259,0.7690081310303349,0.7953767766458639,61.5,73.6,8108.5,9294.8,-0.026368645615528985,-0.03828572918811601
130129,Vehicle touring/racing,0.05,-0.4785288964455661,0.05,0.05,0.07738204598022001,0.11687200615492802,0.05843527571729,0.113148546374922,6.5,11.2,8108.5,9294.8,-0.054713270657632,-0.039489960174708
130130,Playing volleyball,0.05,-0.4785288964455661,0.05,0.05,0.08524266759446,0.071881764669358,0.15510292628826,0.113531964743842,7.0,6.8,8108.5,9294.8,0.041570961544418,0.013360902925102003
130131,Walking,0.05,-0.4785288964455661,0.05,0.05,8.997730777508071,7.726059653674805,8.122045023001515,7.265552460872433,730.5,713.6,8108.5,9294.8,0.8564925621290822,1.2716711238332659
130132,Participating in water sports,0.05,-0.4785288964455661,0.05,0.05,1.26079077395805,1.3552245301694439,1.16661294379696,1.291112745437438,102.5,126.6,8108.5,9294.8,-0.12449980164047814,-0.09443375621139394
130133,Weightlifting/strength training,0.05,-0.4785288964455661,0.05,0.05,3.1333989132602853,2.401610191281752,3.99389346185643,3.02271833242449,253.0,223.0,8108.5,9294.8,0.97117512943194,0.7317887219785333
130134,"Working out, unspecified",0.05,-0.4785288964455661,0.05,0.05,4.049497692092199,3.4114696360482584,4.314531887570875,3.675592423985426,328.5,315.4,8108.5,9294.8,0.6389394635854493,0.6380280560439409
130135,Wrestling,0.05,-0.4785288964455661,0.05,0.05,0.006519754857215,0.0022009464069539996,0.013713453214149999,0.007735546928063999,0.5,0.2,8108.5,9294.8,0.005977906286085999,0.004318808450261001
130136,Doing yoga,0.05,-0.4785288964455661,0.05,0.05,0.853281688251005,0.781746881910298,0.807985285125955,0.761346519792366,69.5,72.4,8108.5,9294.8,0.046638765333589016,0.07153480634070708
130199,Playing sports n.e.c.*,0.05,-0.4785288964455661,0.05,0.05,0.8131914502064299,0.8409288818699899,0.90943746932465,0.8672459851174,65.5,79.0,8108.5,9294.8,0.04219148420724994,-0.02773743166356002
130201,Watching aerobics,0.05,-0.4785288964455661,0.05,0.05,0.0,0.0,0.0,0.0,0.0,0.0,8108.5,9294.8,0.0,0.0
130202,Watching baseball,0.05,-0.4785288964455661,0.05,0.05,0.18486571166037502,0.168470740733508,0.17574363176712499,0.15778120232284001,15.0,15.8,8108.5,9294.8,0.017962429444284972,0.01639497092686701
130203,Watching basketball,0.05,-0.4785288964455661,0.05,0.05,0.179686823560175,0.146239409157846,0.16042827497896,0.16576509708879,14.5,13.8,8108.5,9294.8,-0.005336822109829997,0.03344741440232901
130204,Watching biking,0.05,-0.4785288964455661,0.05,0.05,0.006519754857215,0.0,0.00537270896729,0.0,0.5,0.0,8108.5,9294.8,0.00537270896729,0.006519754857215
130205,Watching billiards,0.05,-0.4785288964455661,0.05,0.05,0.005849321478705,0.0,0.00622313081695,0.0,0.5,0.0,8108.5,9294.8,0.00622313081695,0.005849321478705
130206,Watching boating,0.05,-0.4785288964455661,0.05,0.05,0.0,0.004659156829765999,0.0,0.001667338292573239,0.0,0.4,8108.5,9294.8,-0.001667338292573239,-0.004659156829765999
130207,Watching bowling,0.05,-0.4785288964455661,0.05,0.05,0.017547964436125,0.008619203672169819,0.0154025432348,0.00664263875193024,1.5,0.8,8108.5,9294.8,0.00875990448286976,0.008928760763955181
130208,"Watching climbing, spelunking, caving",0.05,-0.4785288964455661,0.05,0.05,0.0,0.0,0.0,0.0,0.0,0.0,8108.5,9294.8,0.0,0.0
130209,Watching dancing,0.05,-0.4785288964455661,0.05,0.05,0.005849321478705,0.018646373689053995,0.0027118243812125093,0.015140188647638548,0.5,1.8,8108.5,9294.8,-0.012428364266426038,-0.012797052210348995
130210,Watching equestrian sports,0.05,-0.4785288964455661,0.05,0.05,0.01821839781463,0.019065996867521997,0.01870608407555,0.00911775088773967,1.5,1.8,8108.5,9294.8,0.00958833318781033,-0.0008475990528919973
130211,Watching fencing,0.05,-0.4785288964455661,0.05,0.05,0.0,0.0,0.0,0.0,0.0,0.0,8108.5,9294.8,0.0,0.0
130212,Watching fishing,0.05,-0.4785288964455661,0.05,0.05,0.0,0.0,0.0,0.0,0.0,0.0,8108.5,9294.8,0.0,0.0
130213,Watching football,0.05,-0.4785288964455661,0.05,0.05,0.19790522137481,0.16987047870973,0.18545571459652,0.16754329870707002,16.0,15.8,8108.5,9294.8,0.017912415889449973,0.02803474266508002
130214,Watching golfing,0.05,-0.4785288964455661,0.05,0.05,0.011698642957415,0.006195906535969818,0.004094181131940931,0.00622742484824,1.0,0.6,8108.5,9294.8,-0.0021332437162990686,0.005502736421445182
130215,Watching gymnastics,0.05,-0.4785288964455661,0.05,0.05,0.0,0.004041226423709818,0.0,0.0010186382104555966,0.0,0.4,8108.5,9294.8,-0.0010186382104555966,-0.004041226423709818
130216,Watching hockey,0.05,-0.4785288964455661,0.05,0.05,0.035766362250755,0.044105120177652,0.046383155014505,0.027172972223198,3.0,4.2,8108.5,9294.8,0.019210182791307,-0.008338757926896999
130217,Watching martial arts,0.05,-0.4785288964455661,0.05,0.05,0.0,0.0061260799627478185,0.0,0.005027385347519005,0.0,0.6,8108.5,9294.8,-0.005027385347519005,-0.0061260799627478185
130218,Watching racquet sports,0.05,-0.4785288964455661,0.05,0.05,0.031257907529065,0.027475540304022,0.03888085424935,0.043543364656107995,2.5,2.6,8108.5,9294.8,-0.004662510406757997,0.003782367225043
130219,Watching rodeo competitions,0.05,-0.4785288964455661,0.05,0.05,0.006519754857215,0.01145077097875582,0.00551996902664,0.007281644995711528,0.5,1.0,8108.5,9294.8,-0.0017616759690715286,-0.00493101612154082
130220,Watching rollerblading,0.05,-0.4785288964455661,0.05,0.05,0.0,0.0022009464069539996,0.0,0.0010099628839080382,0.0,0.2,8108.5,9294.8,-0.0010099628839080382,-0.0022009464069539996
130221,Watching rugby,0.05,-0.4785288964455661,0.05,0.05,0.0,0.0,0.0,0.0,0.0,0.0,8108.5,9294.8,0.0,0.0
130222,Watching running,0.05,-0.4785288964455661,0.05,0.05,0.018888831193135003,0.027136793999734,0.01377588311331,0.02065107483635937,1.5,2.6,8108.5,9294.8,-0.00687519172304937,-0.008247962806598997
130223,"Watching skiing, ice skating, snowboarding",0.05,-0.4785288964455661,0.05,0.05,0.0,0.008584290385559818,0.0,0.006656740908967914,0.0,0.8,8108.5,9294.8,-0.006656740908967914,-0.008584290385559818
130224,Watching soccer,0.05,-0.4785288964455661,0.05,0.05,0.15561910426683,0.11440429821023598,0.19207364767299,0.117511771631818,12.5,10.8,8108.5,9294.8,0.07456187604117201,0.04121480605659403
130225,Watching softball,0.05,-0.4785288964455661,0.05,0.05,0.03643679562926,0.035137335194608,0.03207663455651,0.03002523563032645,3.0,3.4,8108.5,9294.8,0.002051398926183546,0.0012994604346519972
130226,Watching vehicle touring/racing,0.05,-0.4785288964455661,0.05,0.05,0.030587474150555002,0.023794677563387996,0.01261256776591,0.014931431333806297,2.5,2.2,8108.5,9294.8,-0.002318863567896297,0.006792796587167006
130227,Watching volleyball,0.05,-0.4785288964455661,0.05,0.05,0.031257907529065,0.035860005460494,0.038002234089054995,0.068076583257762,2.5,3.4,8108.5,9294.8,-0.030074349168707007,-0.004602097931428996
130228,Watching walking,0.05,-0.4785288964455661,0.05,0.05,0.0,0.0,0.0,0.0,0.0,0.0,8108.5,9294.8,0.0,0.0
130229,Watching water sports,0.05,-0.4785288964455661,0.05,0.05,0.0,0.012123679271129999,0.0,0.009332791265608001,0.0,1.2,8108.5,9294.8,-0.009332791265608001,-0.012123679271129999
130230,Watching weightlifting/strength training,0.05,-0.4785288964455661,0.05,0.05,0.0,0.0,0.0,0.0,0.0,0.0,8108.5,9294.8,0.0,0.0
130231,"Watching people working out, unspecified",0.05,-0.4785288964455661,0.05,0.05,0.0,0.0,0.0,0.0,0.0,0.0,8108.5,9294.8,0.0,0.0
130232,Watching wrestling,0.05,-0.4785288964455661,0.05,0.05,0.01236907633592,0.018902602926544,0.01263711959378245,0.01636075946117992,1.0,1.8,8108.5,9294.8,-0.003723639867397469,-0.006533526590623999
130299,"Attending sporting events, n.e.c.*",0.05,-0.4785288964455661,0.05,0.05,0.043626983864990004,0.078954686335866,0.037676668574685004,0.06881214794854,3.5,7.4,8108.5,9294.8,-0.031135479373854996,-0.03532770247087599
130301,Waiting related to playing sports or exercising,0.05,-0.4785288964455661,0.05,0.05,0.06836513653684001,0.12607322572269403,0.087848168216595,0.137455913660944,5.5,12.2,8108.5,9294.8,-0.04960774544434901,-0.05770808918585402
130302,Waiting related to attending sporting events,0.05,-0.4785288964455661,0.05,0.05,0.031257907529065,0.052490317405368005,0.024213556798905002,0.037749667691894515,2.5,5.0,8108.5,9294.8,-0.013536110892989513,-0.021232409876303003
130399,"Waiting associated with sports, exercise, & recreation, n.e.c.*",0.05,-0.4785288964455661,0.05,0.05,0.011698642957415,0.006324387190336,0.017506571421795,0.0024937519462107224,1.0,0.6,8108.5,9294.8,0.015012819475584277,0.005374255767079
130401,Security related to playing sports or exercising,0.05,-0.4785288964455661,0.05,0.05,0.0,0.0019563728846718185,0.0,0.00479973476366,0.0,0.2,8108.5,9294.8,-0.00479973476366,-0.0019563728846718185
130402,Security related to attending sporting events,0.05,-0.4785288964455661,0.05,0.05,0.0,0.004204620364686,0.0,0.0032019194178636904,0.0,0.4,8108.5,9294.8,-0.0032019194178636904,-0.004204620364686
130499,"Security related to sports, exercise, & recreation, n.e.c.*",0.05,-0.4785288964455661,0.05,0.05,0.0,0.0,0.0,0.0,0.0,0.0,8108.5,9294.8,0.0,0.0
139999,"Sports, exercise, & recreation, n.e.c.*",0.05,-0.4785288964455661,0.05,0.05,0.017547964436125,0.027930808840343817,0.030839903058125,0.02612407519696087,1.5,2.6,8108.5,9294.8,0.004715827861164128,-0.010382844404218817
140101,Attending religious services,0.532,2.283258852002684,0.45,0.6,5.950312847553731,6.529165834734083,3.540193221509355,3.8993726656529604,482.5,610.4,8108.5,9294.8,-0.3591794441436056,-0.578852987180352
140102,Participation in religious practices,0.05,-0.4785288964455661,0.05,0.05,5.52331237960801,6.083006758465755,4.9567430493662705,5.423225035871766,446.0,566.4,8108.5,9294.8,-0.4664819865054959,-0.5596943788577455
140103,Waiting associated w/religious & spiritual activities,0.05,-0.4785288964455661,0.05,0.05,0.23300115024706003,0.270295699792574,0.13029526892217,0.185505380696032,19.0,25.6,8108.5,9294.8,-0.05521011177386201,-0.03729454954551398
140104,Security procedures rel. to religious & spiritual activities,0.05,-0.4785288964455661,0.05,0.05,0.0,0.0,0.0,0.0,0.0,0.0,8108.5,9294.8,0.0,0.0
140105,Religious education activities,0.05,-0.4785288964455661,0.05,0.05,0.794302619013285,1.198690744443152,0.56148104871031,0.8278806827045659,64.0,113.0,8108.5,9294.8,-0.2663996339942559,-0.404388125429867
149999,"Religious and spiritual activities, n.e.c.*",0.05,-0.4785288964455661,0.05,0.05,0.029246607393540004,0.06800575289524999,0.013974384497619998,0.051756318055457995,2.5,6.4,8108.5,9294.8,-0.037781933557837995,-0.03875914550170999
150101,Computer use,0.05,-0.4785288964455661,0.05,0.05,0.8847241747079501,0.8658776399870481,0.6339622993762899,0.755061070739032,71.5,80.4,8108.5,9294.8,-0.12109877136274205,0.01884653472090192
150102,Organizing and preparing,0.05,-0.4785288964455661,0.05,0.05,0.61644251666076,0.7475315414605339,0.45602647723938,0.596923696916676,50.0,69.8,8108.5,9294.8,-0.14089721967729602,-0.1310890247997739
150103,Reading,0.05,-0.4785288964455661,0.05,0.05,0.127528784702435,0.171149143692236,0.0649855017305,0.140842916593994,10.5,16.2,8108.5,9294.8,-0.07585741486349401,-0.04362035898980099
150104,Telephone calls (except hotline counseling),0.05,-0.4785288964455661,0.05,0.05,0.34700457078442504,0.35733912303264204,0.29332639375622,0.295941264011226,28.0,33.2,8108.5,9294.8,-0.0026148702550060077,-0.010334552248217
150105,Writing,0.05,-0.4785288964455661,0.05,0.05,0.112662553780345,0.10990091236719998,0.08315849582925,0.095028326239118,9.0,10.2,8108.5,9294.8,-0.011869830409867999,0.0027616414131450134
150106,Fundraising,0.05,-0.4785288964455661,0.05,0.05,0.13740070645219998,0.12404065338251799,0.09904666023008,0.096434857171338,11.0,11.6,8108.5,9294.8,0.002611803058742007,0.013360053069681993
150199,"Administrative & support activities, n.e.c.*",0.05,-0.4785288964455661,0.05,0.05,0.223129228497295,0.325579939752884,0.180184306613835,0.245277509840772,18.5,30.4,8108.5,9294.8,-0.06509320322693701,-0.10245071125558902
150201,"Food preparation, presentation, clean-up",0.05,-0.4785288964455661,0.05,0.05,0.48440527723662496,0.505894232756804,0.36092711683937495,0.403207733971996,39.0,47.6,8108.5,9294.8,-0.042280617132621046,-0.021488955520179043
150202,Collecting & delivering clothing & other goods,0.05,-0.4785288964455661,0.05,0.05,0.23184486241791,0.182115693893214,0.16423839281881,0.15458061160355602,18.5,16.8,8108.5,9294.8,0.009657781215253985,0.049729168524696
150203,Providing care,0.05,-0.4785288964455661,0.05,0.05,0.27211967939036497,0.33335449204407996,0.351803571399195,0.28388727378356,22.0,31.6,8108.5,9294.8,0.067916297615635,-0.061234812653715
150204,"Teaching, leading, counseling, mentoring",0.05,-0.4785288964455661,0.05,0.05,0.58719590926722,0.685003040534646,0.552806022660715,0.58094927892078,47.5,64.4,8108.5,9294.8,-0.028143256260064975,-0.09780713126742602
150299,"Social service & care activities, n.e.c.*",0.05,-0.4785288964455661,0.05,0.05,0.24086177186129498,0.22836839247242402,0.1528869841281,0.18340059488885202,19.5,21.2,8108.5,9294.8,-0.030513610760752014,0.012493379388870962
150301,"Building houses, wildlife sites, & other structures",0.05,-0.4785288964455661,0.05,0.05,0.01236907633592,0.017692943809418,0.006061278461205343,0.016747416616125575,1.0,1.6,8108.5,9294.8,-0.010686138154920232,-0.005323867473498001
150302,"Indoor & outdoor maintenance, repair, & clean-up",0.05,-0.4785288964455661,0.05,0.05,0.34633413740592,0.34494163131817,0.22485853237423004,0.268557796196348,28.0,32.6,8108.5,9294.8,-0.04369926382211797,0.0013925060877499895
150399,"Indoor & outdoor maintenance, building & clean-up activities, n.e.c.*",0.05,-0.4785288964455661,0.05,0.05,0.017547964436125,0.02214213769638982,0.006333878367995,0.011835764067061886,1.5,2.0,8108.5,9294.8,-0.005501885699066886,-0.00459417326026482
150401,Performing,0.05,-0.4785288964455661,0.05,0.05,0.21813491932497003,0.26440116537382397,0.16505924248533,0.19318608308834,17.5,25.2,8108.5,9294.8,-0.028126840603010017,-0.04626624604885393
150402,Serving at volunteer events & cultural activities,0.05,-0.4785288964455661,0.05,0.05,0.36589340197757,0.327586933339306,0.29974143913744,0.233915344390704,29.5,30.4,8108.5,9294.8,0.06582609474673601,0.03830646863826398
150499,"Participating in performance & cultural activities, n.e.c.*",0.05,-0.4785288964455661,0.05,0.05,0.018888831193135003,0.023853634351655818,0.015592994166813902,0.022009016212172,1.5,2.2,8108.5,9294.8,-0.0064160220453581,-0.004964803158520815
150501,"Attending meetings, conferences, & training",0.05,-0.4785288964455661,0.05,0.05,0.7682235995844151,0.707258716907116,0.666122741982625,0.695097462394496,62.0,65.6,8108.5,9294.8,-0.02897472041187099,0.06096488267729916
150599,"Attending meetings, conferences, & training, n.e.c.*",0.05,-0.4785288964455661,0.05,0.05,0.0,0.003912745769342,0.0,0.007416482409812001,0.0,0.4,8108.5,9294.8,-0.007416482409812001,-0.003912745769342
150601,Public health activities,0.05,-0.4785288964455661,0.05,0.05,0.031928340907570005,0.028766164931927816,0.04821000083646087,0.02869410518800773,2.5,2.6,8108.5,9294.8,0.01951589564845314,0.0031621759756421883
150602,Public safety activities,0.05,-0.4785288964455661,0.05,0.05,0.031257907529065,0.037119607067142,0.02737035759544239,0.033414232543085995,2.5,3.4,8108.5,9294.8,-0.006043874947643604,-0.005861699538076998
150699,"Public health & safety activities, n.e.c.*",0.05,-0.4785288964455661,0.05,0.05,0.0,0.011077414094981818,0.0,0.013912481987682421,0.0,1.0,8108.5,9294.8,-0.013912481987682421,-0.011077414094981818
159989,"Volunteer activities, n.e.c.*",0.05,-0.4785288964455661,0.05,0.05,1.27669659611439,1.347772609773966,0.97502948174267,1.08148406192293,103.0,127.2,8108.5,9294.8,-0.10645458018026,-0.07107601365957605
160101,Telephone calls to/from family members,0.628,2.833324461652128,0.6,0.65,7.540074373409455,7.946867308860279,6.45489318863145,6.7711847885277665,611.0,736.8,8108.5,9294.8,-0.3162915998963163,-0.40679293545082373
160102,"Telephone calls to/from friends, neighbors, or acquaintances",0.628,2.833324461652128,0.6,0.65,4.602637263721425,4.827246762133016,4.74885151556672,4.760325588152329,372.0,446.8,8108.5,9294.8,-0.011474072585609285,-0.22460949841159117
160103,Telephone calls to/from education services providers,0.628,2.833324461652128,0.6,0.65,0.01236907633592,0.027067270133638,0.004472543506633411,0.040134340539842,1.0,2.6,8108.5,9294.8,-0.03566179703320859,-0.014698193797718001
160104,Telephone calls to/from salespeople,0.628,2.833324461652128,0.6,0.65,0.16146842574554,0.135685235909266,0.13355729031594,0.142246244638694,13.0,12.6,8108.5,9294.8,-0.008688954322754017,0.02578318983627398
160105,Telephone calls to/from professional or personal care svcs providers,0.628,2.833324461652128,0.6,0.65,0.6360017812324099,0.5674969479240539,0.6056235847653699,0.691426233542774,51.5,52.0,8108.5,9294.8,-0.08580264877740407,0.068504833308356
160106,Telephone calls to/from household services providers,0.628,2.833324461652128,0.6,0.65,0.27144924601185,0.25321518807377796,0.19560715552953,0.23817576726297798,22.0,23.4,8108.5,9294.8,-0.042568611733447975,0.018234057938072035
160107,Telephone calls to/from paid child or adult care providers,0.628,2.833324461652128,0.6,0.65,0.026079019428865,0.01717945055607182,0.019430826418395,0.01829642621396,2.0,1.6,8108.5,9294.8,0.0011344002044350009,0.008899568872793182
160108,Telephone calls to/from government officials,0.628,2.833324461652128,0.6,0.65,0.09962304406591001,0.065046525642136,0.10445174411503,0.07891334962902599,8.0,6.0,8108.5,9294.8,0.025538394486004007,0.034576518423774
169989,"Telephone calls, n.e.c.*",0.05,-0.4785288964455661,0.05,0.05,1.72996066241685,2.694285635954818,1.66666683322849,2.487191010545452,141.0,254.2,8108.5,9294.8,-0.8205241773169623,-0.964324973537968
180101,Travel related to personal care,0.05,-0.4785288964455661,0.05,0.05,1.7224691986583551,2.127788660669698,1.9408886454617351,2.4520083044986523,139.5,199.6,8108.5,9294.8,-0.5111196590369171,-0.4053194620113427
180199,"Travel related to personal care, n.e.c.*",0.05,-0.4785288964455661,0.05,0.05,0.0,0.004041226423709818,0.0,0.0015727585220700648,0.0,0.4,8108.5,9294.8,-0.0015727585220700648,-0.004041226423709818
180280,Travel related to household activities,0.05,-0.4785288964455661,0.05,0.05,7.88007333488603,8.57778680102267,7.00190590021619,8.249930161589601,638.0,802.2,8108.5,9294.8,-1.248024261373411,-0.6977134661366398
180381,Travel related to caring for and helping hh children,0.05,-0.4785288964455661,0.05,0.05,7.31992815394895,9.410243698732105,9.00191026538511,9.27166092825843,593.5,883.2,8108.5,9294.8,-0.26975066287332083,-2.090315544783155
180382,Travel related to caring for and helping hh adults,0.05,-0.4785288964455661,0.05,0.05,2.05509339297134,2.08660705710911,2.41946955431478,2.736684673803004,166.5,195.0,8108.5,9294.8,-0.3172151194882238,-0.031513664137770014
180399,"Travel rel. to caring for & helping hh members, n.e.c.*",0.05,-0.4785288964455661,0.05,0.05,0.0,0.0061260799627478185,0.0,0.003787348952680493,0.0,0.6,8108.5,9294.8,-0.003787348952680493,-0.0061260799627478185
180481,Travel related to caring for and helping nonhh children,0.05,-0.4785288964455661,0.05,0.05,2.08549628819403,2.414802500738932,1.95805104822097,2.317539004933948,169.5,225.4,8108.5,9294.8,-0.35948795671297784,-0.329306212544902
180482,Travel related to caring for and helping nonhh adults,0.05,-0.4785288964455661,0.05,0.05,5.15869196205447,5.99487594217383,4.665174215210834,5.668076272163912,418.5,561.4,8108.5,9294.8,-1.0029020569530775,-0.83618398011936
180499,"Travel rel. to caring for & helping nonhh members, n.e.c.*",0.05,-0.4785288964455661,0.05,0.05,0.006519754857215,0.004076139710319818,0.00554103323493,0.002424337043899792,0.5,0.4,8108.5,9294.8,0.0031166961910302077,0.0024436151468951823
180501,Travel related to working,0.05,-0.4785288964455661,0.05,0.05,21.126178734762394,24.55762523193946,29.937722011318215,32.28510222274253,1714.0,2298.6,8108.5,9294.8,-2.3473802114243156,-3.431446497177067
180502,Travel related to work-related activities,0.05,-0.4785288964455661,0.05,0.05,0.07354402463704,0.069184477627714,0.11568495686805999,0.08363257644491,6.0,6.4,8108.5,9294.8,0.03205238042314999,0.004359547009326004
180589,"Travel related to work, n.e.c.*",0.05,-0.4785288964455661,0.05,0.05,0.42438661676465494,0.495999486910884,0.479216234617075,0.702142284153536,34.5,46.6,8108.5,9294.8,-0.22292604953646095,-0.07161287014622908
180601,Travel related to taking class,0.05,-0.4785288964455661,0.05,0.05,1.0983506393112301,1.38462395821415,3.3686986297120747,3.5591255098796237,88.5,130.2,8108.5,9294.8,-0.19042688016754905,-0.28627331890291985
180682,Travel related to education (except taking class),0.05,-0.4785288964455661,0.05,0.05,0.30020999895475997,0.442579908561466,0.537738397391565,1.020443360254302,24.0,41.8,8108.5,9294.8,-0.4827049628627369,-0.14236990960670604
180699,"Travel related to education, n.e.c.*",0.05,-0.4785288964455661,0.05,0.05,0.01236907633592,0.0351588259164,0.028665302152089997,0.07342328541738634,1.0,3.4,8108.5,9294.8,-0.04475798326529634,-0.022789749580480002
180701,Travel related to grocery shopping,0.05,-0.4785288964455661,0.05,0.05,15.411801232230612,14.771913603007544,13.32110398498061,13.116062976418329,1248.0,1376.0,8108.5,9294.8,0.20504100856228114,0.6398876292230682
180782,Travel related to shopping (except grocery shopping),0.05,-0.4785288964455661,0.05,0.05,25.73411158317892,28.97600473397889,25.021578871471554,28.40541537112499,2088.0,2704.6,8108.5,9294.8,-3.3838364996534374,-3.241893150799971
180801,Travel related to using childcare services,0.05,-0.4785288964455661,0.05,0.05,0.01236907633592,0.042033083789182,0.024255647860065,0.040881100869932,1.0,4.0,8108.5,9294.8,-0.016625453009866998,-0.029664007453262003
180802,Travel related to using financial services and banking,0.05,-0.4785288964455661,0.05,0.05,1.26231621964294,1.642961367273108,1.253865036743795,1.7261643659732642,102.0,153.6,8108.5,9294.8,-0.47229932922946927,-0.380645147630168
180803,Travel related to using legal services,0.05,-0.4785288964455661,0.05,0.05,0.049476305343695,0.036455107659268,0.044706224796739996,0.068631311713068,4.0,3.4,8108.5,9294.8,-0.023925086916327998,0.013021197684427
180804,Travel related to using medical services,0.05,-0.4785288964455661,0.05,0.05,2.98679671843683,2.90935549470429,3.413172576143415,3.5372813481455565,241.5,269.6,8108.5,9294.8,-0.12410877200214143,0.07744122373253992
180805,Travel related to using personal care services,0.05,-0.4785288964455661,0.05,0.05,1.355234929923765,1.211798051252538,1.2915647966840949,1.18712826793362,110.0,113.4,8108.5,9294.8,0.10443652875047493,0.143436878671227
180806,Travel related to using real estate services,0.05,-0.4785288964455661,0.05,0.05,0.16731774722425002,0.181737196672128,0.15557218762317,0.151526578619692,13.5,17.0,8108.5,9294.8,0.004045609003478001,-0.014419449447877986
180807,Travel related to using veterinary services,0.05,-0.4785288964455661,0.05,0.05,0.28314788896927,0.210473891361886,0.32880371950839005,0.23466074027881997,23.0,19.4,8108.5,9294.8,0.09414297922957007,0.07267399760738402
180899,"Travel rel. to using prof. & personal care services, n.e.c.*",0.05,-0.4785288964455661,0.05,0.05,0.02406771929334,0.05034802507956,0.020023706484885,0.036725597627476,2.0,4.8,8108.5,9294.8,-0.016701891142591,-0.026280305786220003
180901,Travel related to using household services,0.05,-0.4785288964455661,0.05,0.05,0.20509540961053502,0.278356589120218,0.19555493924579,0.258511239360912,16.5,26.4,8108.5,9294.8,-0.06295630011512202,-0.07326117950968297
180902,Travel related to using home main./repair/décor./construction svcs,0.05,-0.4785288964455661,0.05,0.05,0.09828217730889499,0.06112342686549001,0.091484960031645,0.067825299589894,8.0,5.8,8108.5,9294.8,0.023659660441750996,0.037158750443404984
180903,Travel related to using pet services (not vet),0.05,-0.4785288964455661,0.05,0.05,0.19991652151034,0.114464861636602,0.169921285421805,0.107791446696008,16.0,10.6,8108.5,9294.8,0.06212983872579701,0.08545165987373801
180904,Travel related to using lawn and garden services,0.05,-0.4785288964455661,0.05,0.05,0.02406771929334,0.008957647269333818,0.011470487542354368,0.004566896498280104,2.0,0.8,8108.5,9294.8,0.006903591044074264,0.015110072024006181
180905,Travel related to using vehicle maintenance & repair services,0.05,-0.4785288964455661,0.05,0.05,0.85864515527908,0.909483410932444,0.820762031001,0.9472638681057439,69.5,84.6,8108.5,9294.8,-0.12650183710474394,-0.05083825565336397
180999,"Travel related to using household services, n.e.c.*",0.05,-0.4785288964455661,0.05,0.05,0.0,0.006872793730295817,0.0,0.00403182984720195,0.0,0.6,8108.5,9294.8,-0.00403182984720195,-0.006872793730295817
181002,Travel related to civic obligations & participation,0.05,-0.4785288964455661,0.05,0.05,0.17268121425232,0.121975754090116,0.192108491828465,0.12010374301877799,13.5,11.2,8108.5,9294.8,0.07200474880968702,0.050705460162203994
181081,Travel related to using government services,0.05,-0.4785288964455661,0.05,0.05,0.180357256938685,0.231544078964792,0.239225451837015,0.286055801384384,14.5,21.6,8108.5,9294.8,-0.04683034954736903,-0.051186822026107
181099,"Travel rel. to govt svcs & civic obligations, n.e.c.*",0.05,-0.4785288964455661,0.05,0.05,0.0,0.0,0.0,0.0,0.0,0.0,8108.5,9294.8,0.0,0.0
181101,Travel related to eating and drinking,0.05,-0.4785288964455661,0.05,0.05,18.28392409675157,20.033448025043697,16.802922892436726,19.292289644331117,1480.5,1881.6,8108.5,9294.8,-2.4893667518943907,-1.7495239282921276
181199,"Travel related to eating and drinking, n.e.c.*",0.05,-0.4785288964455661,0.05,0.05,0.0,0.0,0.0,0.0,0.0,0.0,8108.5,9294.8,0.0,0.0
181201,Travel related to socializing and communicating,0.05,-0.4785288964455661,0.05,0.05,12.4766088158679,14.582972960131693,11.11964396212272,12.981413504579368,1012.0,1367.8,8108.5,9294.8,-1.8617695424566492,-2.106364144263793
181202,Travel related to attending or hosting social events,0.05,-0.4785288964455661,0.05,0.05,2.0301706613716153,1.982535272415138,1.5296973426535048,1.619813625296112,165.0,186.0,8108.5,9294.8,-0.09011628264260718,0.04763538895647734
181204,Travel related to arts and entertainment,0.05,-0.4785288964455661,0.05,0.05,2.20333773007458,2.657094518810118,1.753727190572125,2.128937361423018,179.0,249.0,8108.5,9294.8,-0.3752101708508928,-0.45375678873553804
181283,Travel related to relaxing and leisure,0.05,-0.4785288964455661,0.05,0.05,5.5391503194313705,6.719200271233952,5.743243637321885,7.004274644710222,448.5,632.4,8108.5,9294.8,-1.261031007388337,-1.180049951802581
181299,"Travel rel. to socializing, relaxing, & leisure, n.e.c.*",0.05,-0.4785288964455661,0.05,0.05,0.01236907633592,0.014848988716382,0.010990093260140513,0.009547561677737642,1.0,1.4,8108.5,9294.8,0.001442531582402871,-0.0024799123804619995
181301,Travel related to participating in sports/exercise/recreation,0.05,-0.4785288964455661,0.05,0.05,7.8811617403822005,7.8408983842673505,8.471808000994626,8.58056989561252,640.5,732.2,8108.5,9294.8,-0.10876189461789387,0.04026335611484999
181302,Travel related to attending sporting/recreational events,0.05,-0.4785288964455661,0.05,0.05,0.92566942505891,0.81855920986299,0.911248366174835,0.7638785782433819,75.0,77.2,8108.5,9294.8,0.14736978793145306,0.10711021519592001
181399,"Travel related to sports, exercise, & recreation, n.e.c.*",0.05,-0.4785288964455661,0.05,0.05,0.01821839781463,0.02335283159188182,0.030857421000479997,0.021153556847505806,1.5,2.2,8108.5,9294.8,0.009703864152974192,-0.005134433777251819
181401,Travel related to religious/spiritual practices,0.05,-0.4785288964455661,0.05,0.05,5.57991099085446,5.999036064158988,3.5846911096305796,3.849149802201328,452.5,562.0,8108.5,9294.8,-0.2644586925707486,-0.419125073304528
181499,"Travel rel. to religious/spiritual activities, n.e.c.*",0.05,-0.4785288964455661,0.05,0.05,0.0,0.020310871978380003,0.0,0.016946342612524,0.0,2.0,8108.5,9294.8,-0.016946342612524,-0.020310871978380003
181501,Travel related to volunteering,0.05,-0.4785288964455661,0.05,0.05,3.14077368042388,3.2942169388950036,2.61344524859829,2.800535813326866,253.0,309.0,8108.5,9294.8,-0.18709056472857588,-0.1534432584711234
181599,"Travel related to volunteer activities, n.e.c.*",0.05,-0.4785288964455661,0.05,0.05,0.20625169743967997,0.24768726234032598,0.1523808894111,0.19252885390817398,17.0,23.8,8108.5,9294.8,-0.040147964497073974,-0.04143556490064601
181601,Travel related to phone calls,0.05,-0.4785288964455661,0.05,0.05,0.454974090915215,0.511626430952484,0.60034324401895,0.590838998107734,37.0,48.2,8108.5,9294.8,0.009504245911216014,-0.05665234003726893
181699,"Travel rel. to phone calls, n.e.c.*",0.05,-0.4785288964455661,0.05,0.05,0.005849321478705,0.003912745769342,0.00260724848048954,0.006453617738574001,0.5,0.4,8108.5,9294.8,-0.0038463692580844606,0.001936575709363
181801,Security procedures related to traveling,0.05,-0.4785288964455661,0.05,0.05,0.32494815162660995,0.24029617155740404,0.374655701841075,0.22865729300422596,26.0,22.2,8108.5,9294.8,0.14599840883684903,0.0846519800692059
181899,"Security procedures related to traveling, n.e.c.*",0.05,-0.4785288964455661,0.05,0.05,0.0,0.008490723017802,0.0,0.011055194744497735,0.0,0.8,8108.5,9294.8,-0.011055194744497735,-0.008490723017802
189999,"Traveling, n.e.c.*",0.05,-0.4785288964455661,0.05,0.05,3.30638140303538,4.000142801353786,2.93165124171593,4.198405069946768,267.5,374.0,8108.5,9294.8,-1.2667538282308377,-0.6937613983184061
500101,Insufficient detail in verbatim,0.05,-0.4785288964455661,0.05,0.05,9.185899841799074,9.872957213242765,8.85910207913459,9.791891090973555,742.0,919.4,8108.5,9294.8,-0.932789011838965,-0.6870573714436912
500103,Missing travel or destination,0.05,-0.4785288964455661,0.05,0.05,2.10244170158462,2.250540021494902,1.8349669036426202,2.13339235750597,169.0,210.0,8108.5,9294.8,-0.29842545386334973,-0.14809831991028188
500104,Recorded simultaneous activities incorrectly,0.05,-0.4785288964455661,0.05,0.05,0.0,0.0,0.0,0.0,0.0,0.0,8108.5,9294.8,0.0,0.0
500105,Respondent refused to provide information/none of your business,0.05,-0.4785288964455661,0.05,0.05,0.19522348786076998,0.340034655358478,0.314514917682355,0.30732774557307396,16.0,32.0,8108.5,9294.8,0.007187172109281048,-0.144811167497708
500106,Gap/can't remember,0.05,-0.4785288964455661,0.05,0.05,4.63394398551241,6.082084903902192,4.0222000889130705,5.57453111373271,378.0,569.6,8108.5,9294.8,-1.5523310248196394,-1.4481409183897824
500107,Unable to code activity at 1st tier,0.05,-0.4785288964455661,0.05,0.05,0.1041314987876,0.24112735563522603,0.08230530423715,0.250637872480564,8.5,23.0,8108.5,9294.8,-0.16833256824341403,-0.13699585684762602
509989,"Data codes, n.e.c.*",0.05,-0.4785288964455661,0.05,0.05,0.01236907633592,0.0,0.011824805052566504,0.0,1.0,0.0,8108.5,9294.8,0.011824805052566504,0.01236907633592
